AAAAAAAA,0
AAAAAAAB,7
AAAAAAAC,1
AAAAAABA,3
AAAAAABB,8
AAAAAABC,2
AAAAAACA,1
AAAAAACB,6
AAAAAACC,0
AAAAABAA,3
AAAAABAB,4
AAAAABAC,2
AAAAABBA,8
AAAAABBB,11
AAAAABBC,9
AAAAABCA,2
AAAAABCB,5
AAAAABCC,3
AAAAACAA,1
AAAAACAB,6
AAAAACAC,0
AAAAACBA,2
AAAAACBB,9
AAAAACBC,3
AAAAACCA,0
AAAAACCB,7
AAAAACCC,1
AAAABAAA,3
AAAABAAB,4
AAAABAAC,2
AAAABABA,0
AAAABABB,11
AAAABABC,1
AAAABACA,2
AAAABACB,5
AAAABACC,3
AAAABBAA,8
AAAABBAB,11
AAAABBAC,9
AAAABBBA,11
AAAABBBB,8
AAAABBBC,10
AAAABBCA,9
AAAABBCB,10
AAAABBCC,8
AAAABCAA,2
AAAABCAB,5
AAAABCAC,3
AAAABCBA,1
AAAABCBB,10
AAAABCBC,0
AAAABCCA,3
AAAABCCB,4
AAAABCCC,2
AAAACAAA,1
AAAACAAB,6
AAAACAAC,0
AAAACABA,2
AAAACABB,9
AAAACABC,3
AAAACACA,0
AAAACACB,7
AAAACACC,1
AAAACBAA,2
AAAACBAB,5
AAAACBAC,3
AAAACBBA,9
AAAACBBB,10
AAAACBBC,8
AAAACBCA,3
AAAACBCB,4
AAAACBCC,2
AAAACCAA,0
AAAACCAB,7
AAAACCAC,1
AAAACCBA,3
AAAACCBB,8
AAAACCBC,2
AAAACCCA,1
AAAACCCB,6
AAAACCCC,0
AAABAAAA,3
AAABAAAB,4
AAABAAAC,2
AAABAABA,0
AAABAABB,11
AAABAABC,1
AAABAACA,2
AAABAACB,5
AAABAACC,3
AAABABAA,0
AAABABAB,7
AAABABAC,1
AAABABBA,11
AAABABBB,8
AAABABBC,10
AAABABCA,1
AAABABCB,6
AAABABCC,0
AAABACAA,2
AAABACAB,5
AAABACAC,3
AAABACBA,1
AAABACBB,10
AAABACBC,0
AAABACCA,3
AAABACCB,4
AAABACCC,2
AAABBAAA,8
AAABBAAB,11
AAABBAAC,9
AAABBABA,11
AAABBABB,8
AAABBABC,10
AAABBACA,9
AAABBACB,10
AAABBACC,8
AAABBBAA,11
AAABBBAB,8
AAABBBAC,10
AAABBBBA,8
AAABBBBB,11
AAABBBBC,9
AAABBBCA,10
AAABBBCB,9
AAABBBCC,11
AAABBCAA,9
AAABBCAB,10
AAABBCAC,8
AAABBCBA,10
AAABBCBB,9
AAABBCBC,11
AAABBCCA,8
AAABBCCB,11
AAABBCCC,9
AAABCAAA,2
AAABCAAB,5
AAABCAAC,3
AAABCABA,1
AAABCABB,10
AAABCABC,0
AAABCACA,3
AAABCACB,4
AAABCACC,2
AAABCBAA,1
AAABCBAB,6
AAABCBAC,0
AAABCBBA,10
AAABCBBB,9
AAABCBBC,11
AAABCBCA,0
AAABCBCB,7
AAABCBCC,1
AAABCCAA,3
AAABCCAB,4
AAABCCAC,2
AAABCCBA,0
AAABCCBB,11
AAABCCBC,1
AAABCCCA,2
AAABCCCB,5
AAABCCCC,3
AAACAAAA,1
AAACAAAB,6
AAACAAAC,0
AAACAABA,2
AAACAABB,9
AAACAABC,3
AAACAACA,0
AAACAACB,7
AAACAACC,1
AAACABAA,2
AAACABAB,5
AAACABAC,3
AAACABBA,9
AAACABBB,10
AAACABBC,8
AAACABCA,3
AAACABCB,4
AAACABCC,2
AAACACAA,0
AAACACAB,7
AAACACAC,1
AAACACBA,3
AAACACBB,8
AAACACBC,2
AAACACCA,1
AAACACCB,6
AAACACCC,0
AAACBAAA,2
AAACBAAB,5
AAACBAAC,3
AAACBABA,1
AAACBABB,10
AAACBABC,0
AAACBACA,3
AAACBACB,4
AAACBACC,2
AAACBBAA,9
AAACBBAB,10
AAACBBAC,8
AAACBBBA,10
AAACBBBB,9
AAACBBBC,11
AAACBBCA,8
AAACBBCB,11
AAACBBCC,9
AAACBCAA,3
AAACBCAB,4
AAACBCAC,2
AAACBCBA,0
AAACBCBB,11
AAACBCBC,1
AAACBCCA,2
AAACBCCB,5
AAACBCCC,3
AAACCAAA,0
AAACCAAB,7
AAACCAAC,1
AAACCABA,3
AAACCABB,8
AAACCABC,2
AAACCACA,1
AAACCACB,6
AAACCACC,0
AAACCBAA,3
AAACCBAB,4
AAACCBAC,2
AAACCBBA,8
AAACCBBB,11
AAACCBBC,9
AAACCBCA,2
AAACCBCB,5
AAACCBCC,3
AAACCCAA,1
AAACCCAB,6
AAACCCAC,0
AAACCCBA,2
AAACCCBB,9
AAACCCBC,3
AAACCCCA,0
AAACCCCB,7
AAACCCCC,1
AABAAAAA,3
AABAAAAB,4
AABAAAAC,2
AABAAABA,0
AABAAABB,11
AABAAABC,1
AABAAACA,2
AABAAACB,5
AABAAACC,3
AABAABAA,0
AABAABAB,7
AABAABAC,1
AABAABBA,11
AABAABBB,8
AABAABBC,10
AABAABCA,1
AABAABCB,6
AABAABCC,0
AABAACAA,2
AABAACAB,5
AABAACAC,3
AABAACBA,1
AABAACBB,10
AABAACBC,0
AABAACCA,3
AABAACCB,4
AABAACCC,2
AABABAAA,0
AABABAAB,7
AABABAAC,1
AABABABA,3
AABABABB,8
AABABABC,2
AABABACA,1
AABABACB,6
AABABACC,0
AABABBAA,11
AABABBAB,8
AABABBAC,10
AABABBBA,8
AABABBBB,11
AABABBBC,9
AABABBCA,10
AABABBCB,9
AABABBCC,11
AABABCAA,1
AABABCAB,6
AABABCAC,0
AABABCBA,2
AABABCBB,9
AABABCBC,3
AABABCCA,0
AABABCCB,7
AABABCCC,1
AABACAAA,2
AABACAAB,5
AABACAAC,3
AABACABA,1
AABACABB,10
AABACABC,0
AABACACA,3
AABACACB,4
AABACACC,2
AABACBAA,1
AABACBAB,6
AABACBAC,0
AABACBBA,10
AABACBBB,9
AABACBBC,11
AABACBCA,0
AABACBCB,7
AABACBCC,1
AABACCAA,3
AABACCAB,4
AABACCAC,2
AABACCBA,0
AABACCBB,11
AABACCBC,1
AABACCCA,2
AABACCCB,5
AABACCCC,3
AABBAAAA,8
AABBAAAB,11
AABBAAAC,9
AABBAABA,11
AABBAABB,8
AABBAABC,10
AABBAACA,9
AABBAACB,10
AABBAACC,8
AABBABAA,11
AABBABAB,8
AABBABAC,10
AABBABBA,8
AABBABBB,11
AABBABBC,9
AABBABCA,10
AABBABCB,9
AABBABCC,11
AABBACAA,9
AABBACAB,10
AABBACAC,8
AABBACBA,10
AABBACBB,9
AABBACBC,11
AABBACCA,8
AABBACCB,11
AABBACCC,9
AABBBAAA,11
AABBBAAB,8
AABBBAAC,10
AABBBABA,8
AABBBABB,11
AABBBABC,9
AABBBACA,10
AABBBACB,9
AABBBACC,11
AABBBBAA,8
AABBBBAB,11
AABBBBAC,9
AABBBBBA,11
AABBBBBB,8
AABBBBBC,10
AABBBBCA,9
AABBBBCB,10
AABBBBCC,8
AABBBCAA,10
AABBBCAB,9
AABBBCAC,11
AABBBCBA,9
AABBBCBB,10
AABBBCBC,8
AABBBCCA,11
AABBBCCB,8
AABBBCCC,10
AABBCAAA,9
AABBCAAB,10
AABBCAAC,8
AABBCABA,10
AABBCABB,9
AABBCABC,11
AABBCACA,8
AABBCACB,11
AABBCACC,9
AABBCBAA,10
AABBCBAB,9
AABBCBAC,11
AABBCBBA,9
AABBCBBB,10
AABBCBBC,8
AABBCBCA,11
AABBCBCB,8
AABBCBCC,10
AABBCCAA,8
AABBCCAB,11
AABBCCAC,9
AABBCCBA,11
AABBCCBB,8
AABBCCBC,10
AABBCCCA,9
AABBCCCB,10
AABBCCCC,8
AABCAAAA,2
AABCAAAB,5
AABCAAAC,3
AABCAABA,1
AABCAABB,10
AABCAABC,0
AABCAACA,3
AABCAACB,4
AABCAACC,2
AABCABAA,1
AABCABAB,6
AABCABAC,0
AABCABBA,10
AABCABBB,9
AABCABBC,11
AABCABCA,0
AABCABCB,7
AABCABCC,1
AABCACAA,3
AABCACAB,4
AABCACAC,2
AABCACBA,0
AABCACBB,11
AABCACBC,1
AABCACCA,2
AABCACCB,5
AABCACCC,3
AABCBAAA,1
AABCBAAB,6
AABCBAAC,0
AABCBABA,2
AABCBABB,9
AABCBABC,3
AABCBACA,0
AABCBACB,7
AABCBACC,1
AABCBBAA,10
AABCBBAB,9
AABCBBAC,11
AABCBBBA,9
AABCBBBB,10
AABCBBBC,8
AABCBBCA,11
AABCBBCB,8
AABCBBCC,10
AABCBCAA,0
AABCBCAB,7
AABCBCAC,1
AABCBCBA,3
AABCBCBB,8
AABCBCBC,2
AABCBCCA,1
AABCBCCB,6
AABCBCCC,0
AABCCAAA,3
AABCCAAB,4
AABCCAAC,2
AABCCABA,0
AABCCABB,11
AABCCABC,1
AABCCACA,2
AABCCACB,5
AABCCACC,3
AABCCBAA,0
AABCCBAB,7
AABCCBAC,1
AABCCBBA,11
AABCCBBB,8
AABCCBBC,10
AABCCBCA,1
AABCCBCB,6
AABCCBCC,0
AABCCCAA,2
AABCCCAB,5
AABCCCAC,3
AABCCCBA,1
AABCCCBB,10
AABCCCBC,0
AABCCCCA,3
AABCCCCB,4
AABCCCCC,2
AACAAAAA,1
AACAAAAB,6
AACAAAAC,0
AACAAABA,2
AACAAABB,9
AACAAABC,3
AACAAACA,0
AACAAACB,7
AACAAACC,1
AACAABAA,2
AACAABAB,5
AACAABAC,3
AACAABBA,9
AACAABBB,10
AACAABBC,8
AACAABCA,3
AACAABCB,4
AACAABCC,2
AACAACAA,0
AACAACAB,7
AACAACAC,1
AACAACBA,3
AACAACBB,8
AACAACBC,2
AACAACCA,1
AACAACCB,6
AACAACCC,0
AACABAAA,2
AACABAAB,5
AACABAAC,3
AACABABA,1
AACABABB,10
AACABABC,0
AACABACA,3
AACABACB,4
AACABACC,2
AACABBAA,9
AACABBAB,10
AACABBAC,8
AACABBBA,10
AACABBBB,9
AACABBBC,11
AACABBCA,8
AACABBCB,11
AACABBCC,9
AACABCAA,3
AACABCAB,4
AACABCAC,2
AACABCBA,0
AACABCBB,11
AACABCBC,1
AACABCCA,2
AACABCCB,5
AACABCCC,3
AACACAAA,0
AACACAAB,7
AACACAAC,1
AACACABA,3
AACACABB,8
AACACABC,2
AACACACA,1
AACACACB,6
AACACACC,0
AACACBAA,3
AACACBAB,4
AACACBAC,2
AACACBBA,8
AACACBBB,11
AACACBBC,9
AACACBCA,2
AACACBCB,5
AACACBCC,3
AACACCAA,1
AACACCAB,6
AACACCAC,0
AACACCBA,2
AACACCBB,9
AACACCBC,3
AACACCCA,0
AACACCCB,7
AACACCCC,1
AACBAAAA,2
AACBAAAB,5
AACBAAAC,3
AACBAABA,1
AACBAABB,10
AACBAABC,0
AACBAACA,3
AACBAACB,4
AACBAACC,2
AACBABAA,1
AACBABAB,6
AACBABAC,0
AACBABBA,10
AACBABBB,9
AACBABBC,11
AACBABCA,0
AACBABCB,7
AACBABCC,1
AACBACAA,3
AACBACAB,4
AACBACAC,2
AACBACBA,0
AACBACBB,11
AACBACBC,1
AACBACCA,2
AACBACCB,5
AACBACCC,3
AACBBAAA,9
AACBBAAB,10
AACBBAAC,8
AACBBABA,10
AACBBABB,9
AACBBABC,11
AACBBACA,8
AACBBACB,11
AACBBACC,9
AACBBBAA,10
AACBBBAB,9
AACBBBAC,11
AACBBBBA,9
AACBBBBB,10
AACBBBBC,8
AACBBBCA,11
AACBBBCB,8
AACBBBCC,10
AACBBCAA,8
AACBBCAB,11
AACBBCAC,9
AACBBCBA,11
AACBBCBB,8
AACBBCBC,10
AACBBCCA,9
AACBBCCB,10
AACBBCCC,8
AACBCAAA,3
AACBCAAB,4
AACBCAAC,2
AACBCABA,0
AACBCABB,11
AACBCABC,1
AACBCACA,2
AACBCACB,5
AACBCACC,3
AACBCBAA,0
AACBCBAB,7
AACBCBAC,1
AACBCBBA,11
AACBCBBB,8
AACBCBBC,10
AACBCBCA,1
AACBCBCB,6
AACBCBCC,0
AACBCCAA,2
AACBCCAB,5
AACBCCAC,3
AACBCCBA,1
AACBCCBB,10
AACBCCBC,0
AACBCCCA,3
AACBCCCB,4
AACBCCCC,2
AACCAAAA,0
AACCAAAB,7
AACCAAAC,1
AACCAABA,3
AACCAABB,8
AACCAABC,2
AACCAACA,1
AACCAACB,6
AACCAACC,0
AACCABAA,3
AACCABAB,4
AACCABAC,2
AACCABBA,8
AACCABBB,11
AACCABBC,9
AACCABCA,2
AACCABCB,5
AACCABCC,3
AACCACAA,1
AACCACAB,6
AACCACAC,0
AACCACBA,2
AACCACBB,9
AACCACBC,3
AACCACCA,0
AACCACCB,7
AACCACCC,1
AACCBAAA,3
AACCBAAB,4
AACCBAAC,2
AACCBABA,0
AACCBABB,11
AACCBABC,1
AACCBACA,2
AACCBACB,5
AACCBACC,3
AACCBBAA,8
AACCBBAB,11
AACCBBAC,9
AACCBBBA,11
AACCBBBB,8
AACCBBBC,10
AACCBBCA,9
AACCBBCB,10
AACCBBCC,8
AACCBCAA,2
AACCBCAB,5
AACCBCAC,3
AACCBCBA,1
AACCBCBB,10
AACCBCBC,0
AACCBCCA,3
AACCBCCB,4
AACCBCCC,2
AACCCAAA,1
AACCCAAB,6
AACCCAAC,0
AACCCABA,2
AACCCABB,9
AACCCABC,3
AACCCACA,0
AACCCACB,7
AACCCACC,1
AACCCBAA,2
AACCCBAB,5
AACCCBAC,3
AACCCBBA,9
AACCCBBB,10
AACCCBBC,8
AACCCBCA,3
AACCCBCB,4
AACCCBCC,2
AACCCCAA,0
AACCCCAB,7
AACCCCAC,1
AACCCCBA,3
AACCCCBB,8
AACCCCBC,2
AACCCCCA,1
AACCCCCB,6
AACCCCCC,0
ABAAAAAA,3
ABAAAAAB,4
ABAAAAAC,2
ABAAAABA,0
ABAAAABB,11
ABAAAABC,1
ABAAAACA,2
ABAAAACB,5
ABAAAACC,3
ABAAABAA,0
ABAAABAB,7
ABAAABAC,1
ABAAABBA,11
ABAAABBB,8
ABAAABBC,10
ABAAABCA,1
ABAAABCB,6
ABAAABCC,0
ABAAACAA,2
ABAAACAB,5
ABAAACAC,3
ABAAACBA,1
ABAAACBB,10
ABAAACBC,0
ABAAACCA,3
ABAAACCB,4
ABAAACCC,2
ABAABAAA,0
ABAABAAB,7
ABAABAAC,1
ABAABABA,3
ABAABABB,8
ABAABABC,2
ABAABACA,1
ABAABACB,6
ABAABACC,0
ABAABBAA,11
ABAABBAB,8
ABAABBAC,10
ABAABBBA,8
ABAABBBB,11
ABAABBBC,9
ABAABBCA,10
ABAABBCB,9
ABAABBCC,11
ABAABCAA,1
ABAABCAB,6
ABAABCAC,0
ABAABCBA,2
ABAABCBB,9
ABAABCBC,3
ABAABCCA,0
ABAABCCB,7
ABAABCCC,1
ABAACAAA,2
ABAACAAB,5
ABAACAAC,3
ABAACABA,1
ABAACABB,10
ABAACABC,0
ABAACACA,3
ABAACACB,4
ABAACACC,2
ABAACBAA,1
ABAACBAB,6
ABAACBAC,0
ABAACBBA,10
ABAACBBB,9
ABAACBBC,11
ABAACBCA,0
ABAACBCB,7
ABAACBCC,1
ABAACCAA,3
ABAACCAB,4
ABAACCAC,2
ABAACCBA,0
ABAACCBB,11
ABAACCBC,1
ABAACCCA,2
ABAACCCB,5
ABAACCCC,3
ABABAAAA,0
ABABAAAB,7
ABABAAAC,1
ABABAABA,3
ABABAABB,8
ABABAABC,2
ABABAACA,1
ABABAACB,6
ABABAACC,0
ABABABAA,3
ABABABAB,4
ABABABAC,2
ABABABBA,8
ABABABBB,11
ABABABBC,9
ABABABCA,2
ABABABCB,5
ABABABCC,3
ABABACAA,1
ABABACAB,6
ABABACAC,0
ABABACBA,2
ABABACBB,9
ABABACBC,3
ABABACCA,0
ABABACCB,7
ABABACCC,1
ABABBAAA,11
ABABBAAB,8
ABABBAAC,10
ABABBABA,8
ABABBABB,11
ABABBABC,9
ABABBACA,10
ABABBACB,9
ABABBACC,11
ABABBBAA,8
ABABBBAB,11
ABABBBAC,9
ABABBBBA,11
ABABBBBB,8
ABABBBBC,10
ABABBBCA,9
ABABBBCB,10
ABABBBCC,8
ABABBCAA,10
ABABBCAB,9
ABABBCAC,11
ABABBCBA,9
ABABBCBB,10
ABABBCBC,8
ABABBCCA,11
ABABBCCB,8
ABABBCCC,10
ABABCAAA,1
ABABCAAB,6
ABABCAAC,0
ABABCABA,2
ABABCABB,9
ABABCABC,3
ABABCACA,0
ABABCACB,7
ABABCACC,1
ABABCBAA,2
ABABCBAB,5
ABABCBAC,3
ABABCBBA,9
ABABCBBB,10
ABABCBBC,8
ABABCBCA,3
ABABCBCB,4
ABABCBCC,2
ABABCCAA,0
ABABCCAB,7
ABABCCAC,1
ABABCCBA,3
ABABCCBB,8
ABABCCBC,2
ABABCCCA,1
ABABCCCB,6
ABABCCCC,0
ABACAAAA,2
ABACAAAB,5
ABACAAAC,3
ABACAABA,1
ABACAABB,10
ABACAABC,0
ABACAACA,3
ABACAACB,4
ABACAACC,2
ABACABAA,1
ABACABAB,6
ABACABAC,0
ABACABBA,10
ABACABBB,9
ABACABBC,11
ABACABCA,0
ABACABCB,7
ABACABCC,1
ABACACAA,3
ABACACAB,4
ABACACAC,2
ABACACBA,0
ABACACBB,11
ABACACBC,1
ABACACCA,2
ABACACCB,5
ABACACCC,3
ABACBAAA,1
ABACBAAB,6
ABACBAAC,0
ABACBABA,2
ABACBABB,9
ABACBABC,3
ABACBACA,0
ABACBACB,7
ABACBACC,1
ABACBBAA,10
ABACBBAB,9
ABACBBAC,11
ABACBBBA,9
ABACBBBB,10
ABACBBBC,8
ABACBBCA,11
ABACBBCB,8
ABACBBCC,10
ABACBCAA,0
ABACBCAB,7
ABACBCAC,1
ABACBCBA,3
ABACBCBB,8
ABACBCBC,2
ABACBCCA,1
ABACBCCB,6
ABACBCCC,0
ABACCAAA,3
ABACCAAB,4
ABACCAAC,2
ABACCABA,0
ABACCABB,11
ABACCABC,1
ABACCACA,2
ABACCACB,5
ABACCACC,3
ABACCBAA,0
ABACCBAB,7
ABACCBAC,1
ABACCBBA,11
ABACCBBB,8
ABACCBBC,10
ABACCBCA,1
ABACCBCB,6
ABACCBCC,0
ABACCCAA,2
ABACCCAB,5
ABACCCAC,3
ABACCCBA,1
ABACCCBB,10
ABACCCBC,0
ABACCCCA,3
ABACCCCB,4
ABACCCCC,2
ABBAAAAA,8
ABBAAAAB,11
ABBAAAAC,9
ABBAAABA,11
ABBAAABB,8
ABBAAABC,10
ABBAAACA,9
ABBAAACB,10
ABBAAACC,8
ABBAABAA,11
ABBAABAB,8
ABBAABAC,10
ABBAABBA,8
ABBAABBB,11
ABBAABBC,9
ABBAABCA,10
ABBAABCB,9
ABBAABCC,11
ABBAACAA,9
ABBAACAB,10
ABBAACAC,8
ABBAACBA,10
ABBAACBB,9
ABBAACBC,11
ABBAACCA,8
ABBAACCB,11
ABBAACCC,9
ABBABAAA,11
ABBABAAB,8
ABBABAAC,10
ABBABABA,8
ABBABABB,11
ABBABABC,9
ABBABACA,10
ABBABACB,9
ABBABACC,11
ABBABBAA,8
ABBABBAB,11
ABBABBAC,9
ABBABBBA,11
ABBABBBB,8
ABBABBBC,10
ABBABBCA,9
ABBABBCB,10
ABBABBCC,8
ABBABCAA,10
ABBABCAB,9
ABBABCAC,11
ABBABCBA,9
ABBABCBB,10
ABBABCBC,8
ABBABCCA,11
ABBABCCB,8
ABBABCCC,10
ABBACAAA,9
ABBACAAB,10
ABBACAAC,8
ABBACABA,10
ABBACABB,9
ABBACABC,11
ABBACACA,8
ABBACACB,11
ABBACACC,9
ABBACBAA,10
ABBACBAB,9
ABBACBAC,11
ABBACBBA,9
ABBACBBB,10
ABBACBBC,8
ABBACBCA,11
ABBACBCB,8
ABBACBCC,10
ABBACCAA,8
ABBACCAB,11
ABBACCAC,9
ABBACCBA,11
ABBACCBB,8
ABBACCBC,10
ABBACCCA,9
ABBACCCB,10
ABBACCCC,8
ABBBAAAA,11
ABBBAAAB,8
ABBBAAAC,10
ABBBAABA,8
ABBBAABB,11
ABBBAABC,9
ABBBAACA,10
ABBBAACB,9
ABBBAACC,11
ABBBABAA,8
ABBBABAB,11
ABBBABAC,9
ABBBABBA,11
ABBBABBB,8
ABBBABBC,10
ABBBABCA,9
ABBBABCB,10
ABBBABCC,8
ABBBACAA,10
ABBBACAB,9
ABBBACAC,11
ABBBACBA,9
ABBBACBB,10
ABBBACBC,8
ABBBACCA,11
ABBBACCB,8
ABBBACCC,10
ABBBBAAA,8
ABBBBAAB,11
ABBBBAAC,9
ABBBBABA,11
ABBBBABB,8
ABBBBABC,10
ABBBBACA,9
ABBBBACB,10
ABBBBACC,8
ABBBBBAA,11
ABBBBBAB,8
ABBBBBAC,10
ABBBBBBA,8
ABBBBBBB,11
ABBBBBBC,9
ABBBBBCA,10
ABBBBBCB,9
ABBBBBCC,11
ABBBBCAA,9
ABBBBCAB,10
ABBBBCAC,8
ABBBBCBA,10
ABBBBCBB,9
ABBBBCBC,11
ABBBBCCA,8
ABBBBCCB,11
ABBBBCCC,9
ABBBCAAA,10
ABBBCAAB,9
ABBBCAAC,11
ABBBCABA,9
ABBBCABB,10
ABBBCABC,8
ABBBCACA,11
ABBBCACB,8
ABBBCACC,10
ABBBCBAA,9
ABBBCBAB,10
ABBBCBAC,8
ABBBCBBA,10
ABBBCBBB,9
ABBBCBBC,11
ABBBCBCA,8
ABBBCBCB,11
ABBBCBCC,9
ABBBCCAA,11
ABBBCCAB,8
ABBBCCAC,10
ABBBCCBA,8
ABBBCCBB,11
ABBBCCBC,9
ABBBCCCA,10
ABBBCCCB,9
ABBBCCCC,11
ABBCAAAA,9
ABBCAAAB,10
ABBCAAAC,8
ABBCAABA,10
ABBCAABB,9
ABBCAABC,11
ABBCAACA,8
ABBCAACB,11
ABBCAACC,9
ABBCABAA,10
ABBCABAB,9
ABBCABAC,11
ABBCABBA,9
ABBCABBB,10
ABBCABBC,8
ABBCABCA,11
ABBCABCB,8
ABBCABCC,10
ABBCACAA,8
ABBCACAB,11
ABBCACAC,9
ABBCACBA,11
ABBCACBB,8
ABBCACBC,10
ABBCACCA,9
ABBCACCB,10
ABBCACCC,8
ABBCBAAA,10
ABBCBAAB,9
ABBCBAAC,11
ABBCBABA,9
ABBCBABB,10
ABBCBABC,8
ABBCBACA,11
ABBCBACB,8
ABBCBACC,10
ABBCBBAA,9
ABBCBBAB,10
ABBCBBAC,8
ABBCBBBA,10
ABBCBBBB,9
ABBCBBBC,11
ABBCBBCA,8
ABBCBBCB,11
ABBCBBCC,9
ABBCBCAA,11
ABBCBCAB,8
ABBCBCAC,10
ABBCBCBA,8
ABBCBCBB,11
ABBCBCBC,9
ABBCBCCA,10
ABBCBCCB,9
ABBCBCCC,11
ABBCCAAA,8
ABBCCAAB,11
ABBCCAAC,9
ABBCCABA,11
ABBCCABB,8
ABBCCABC,10
ABBCCACA,9
ABBCCACB,10
ABBCCACC,8
ABBCCBAA,11
ABBCCBAB,8
ABBCCBAC,10
ABBCCBBA,8
ABBCCBBB,11
ABBCCBBC,9
ABBCCBCA,10
ABBCCBCB,9
ABBCCBCC,11
ABBCCCAA,9
ABBCCCAB,10
ABBCCCAC,8
ABBCCCBA,10
ABBCCCBB,9
ABBCCCBC,11
ABBCCCCA,8
ABBCCCCB,11
ABBCCCCC,9
ABCAAAAA,2
ABCAAAAB,5
ABCAAAAC,3
ABCAAABA,1
ABCAAABB,10
ABCAAABC,0
ABCAAACA,3
ABCAAACB,4
ABCAAACC,2
ABCAABAA,1
ABCAABAB,6
ABCAABAC,0
ABCAABBA,10
ABCAABBB,9
ABCAABBC,11
ABCAABCA,0
ABCAABCB,7
ABCAABCC,1
ABCAACAA,3
ABCAACAB,4
ABCAACAC,2
ABCAACBA,0
ABCAACBB,11
ABCAACBC,1
ABCAACCA,2
ABCAACCB,5
ABCAACCC,3
ABCABAAA,1
ABCABAAB,6
ABCABAAC,0
ABCABABA,2
ABCABABB,9
ABCABABC,3
ABCABACA,0
ABCABACB,7
ABCABACC,1
ABCABBAA,10
ABCABBAB,9
ABCABBAC,11
ABCABBBA,9
ABCABBBB,10
ABCABBBC,8
ABCABBCA,11
ABCABBCB,8
ABCABBCC,10
ABCABCAA,0
ABCABCAB,7
ABCABCAC,1
ABCABCBA,3
ABCABCBB,8
ABCABCBC,2
ABCABCCA,1
ABCABCCB,6
ABCABCCC,0
ABCACAAA,3
ABCACAAB,4
ABCACAAC,2
ABCACABA,0
ABCACABB,11
ABCACABC,1
ABCACACA,2
ABCACACB,5
ABCACACC,3
ABCACBAA,0
ABCACBAB,7
ABCACBAC,1
ABCACBBA,11
ABCACBBB,8
ABCACBBC,10
ABCACBCA,1
ABCACBCB,6
ABCACBCC,0
ABCACCAA,2
ABCACCAB,5
ABCACCAC,3
ABCACCBA,1
ABCACCBB,10
ABCACCBC,0
ABCACCCA,3
ABCACCCB,4
ABCACCCC,2
ABCBAAAA,1
ABCBAAAB,6
ABCBAAAC,0
ABCBAABA,2
ABCBAABB,9
ABCBAABC,3
ABCBAACA,0
ABCBAACB,7
ABCBAACC,1
ABCBABAA,2
ABCBABAB,5
ABCBABAC,3
ABCBABBA,9
ABCBABBB,10
ABCBABBC,8
ABCBABCA,3
ABCBABCB,4
ABCBABCC,2
ABCBACAA,0
ABCBACAB,7
ABCBACAC,1
ABCBACBA,3
ABCBACBB,8
ABCBACBC,2
ABCBACCA,1
ABCBACCB,6
ABCBACCC,0
ABCBBAAA,10
ABCBBAAB,9
ABCBBAAC,11
ABCBBABA,9
ABCBBABB,10
ABCBBABC,8
ABCBBACA,11
ABCBBACB,8
ABCBBACC,10
ABCBBBAA,9
ABCBBBAB,10
ABCBBBAC,8
ABCBBBBA,10
ABCBBBBB,9
ABCBBBBC,11
ABCBBBCA,8
ABCBBBCB,11
ABCBBBCC,9
ABCBBCAA,11
ABCBBCAB,8
ABCBBCAC,10
ABCBBCBA,8
ABCBBCBB,11
ABCBBCBC,9
ABCBBCCA,10
ABCBBCCB,9
ABCBBCCC,11
ABCBCAAA,0
ABCBCAAB,7
ABCBCAAC,1
ABCBCABA,3
ABCBCABB,8
ABCBCABC,2
ABCBCACA,1
ABCBCACB,6
ABCBCACC,0
ABCBCBAA,3
ABCBCBAB,4
ABCBCBAC,2
ABCBCBBA,8
ABCBCBBB,11
ABCBCBBC,9
ABCBCBCA,2
ABCBCBCB,5
ABCBCBCC,3
ABCBCCAA,1
ABCBCCAB,6
ABCBCCAC,0
ABCBCCBA,2
ABCBCCBB,9
ABCBCCBC,3
ABCBCCCA,0
ABCBCCCB,7
ABCBCCCC,1
ABCCAAAA,3
ABCCAAAB,4
ABCCAAAC,2
ABCCAABA,0
ABCCAABB,11
ABCCAABC,1
ABCCAACA,2
ABCCAACB,5
ABCCAACC,3
ABCCABAA,0
ABCCABAB,7
ABCCABAC,1
ABCCABBA,11
ABCCABBB,8
ABCCABBC,10
ABCCABCA,1
ABCCABCB,6
ABCCABCC,0
ABCCACAA,2
ABCCACAB,5
ABCCACAC,3
ABCCACBA,1
ABCCACBB,10
ABCCACBC,0
ABCCACCA,3
ABCCACCB,4
ABCCACCC,2
ABCCBAAA,0
ABCCBAAB,7
ABCCBAAC,1
ABCCBABA,3
ABCCBABB,8
ABCCBABC,2
ABCCBACA,1
ABCCBACB,6
ABCCBACC,0
ABCCBBAA,11
ABCCBBAB,8
ABCCBBAC,10
ABCCBBBA,8
ABCCBBBB,11
ABCCBBBC,9
ABCCBBCA,10
ABCCBBCB,9
ABCCBBCC,11
ABCCBCAA,1
ABCCBCAB,6
ABCCBCAC,0
ABCCBCBA,2
ABCCBCBB,9
ABCCBCBC,3
ABCCBCCA,0
ABCCBCCB,7
ABCCBCCC,1
ABCCCAAA,2
ABCCCAAB,5
ABCCCAAC,3
ABCCCABA,1
ABCCCABB,10
ABCCCABC,0
ABCCCACA,3
ABCCCACB,4
ABCCCACC,2
ABCCCBAA,1
ABCCCBAB,6
ABCCCBAC,0
ABCCCBBA,10
ABCCCBBB,9
ABCCCBBC,11
ABCCCBCA,0
ABCCCBCB,7
ABCCCBCC,1
ABCCCCAA,3
ABCCCCAB,4
ABCCCCAC,2
ABCCCCBA,0
ABCCCCBB,11
ABCCCCBC,1
ABCCCCCA,2
ABCCCCCB,5
ABCCCCCC,3
ACAAAAAA,1
ACAAAAAB,6
ACAAAAAC,0
ACAAAABA,2
ACAAAABB,9
ACAAAABC,3
ACAAAACA,0
ACAAAACB,7
ACAAAACC,1
ACAAABAA,2
ACAAABAB,5
ACAAABAC,3
ACAAABBA,9
ACAAABBB,10
ACAAABBC,8
ACAAABCA,3
ACAAABCB,4
ACAAABCC,2
ACAAACAA,0
ACAAACAB,7
ACAAACAC,1
ACAAACBA,3
ACAAACBB,8
ACAAACBC,2
ACAAACCA,1
ACAAACCB,6
ACAAACCC,0
ACAABAAA,2
ACAABAAB,5
ACAABAAC,3
ACAABABA,1
ACAABABB,10
ACAABABC,0
ACAABACA,3
ACAABACB,4
ACAABACC,2
ACAABBAA,9
ACAABBAB,10
ACAABBAC,8
ACAABBBA,10
ACAABBBB,9
ACAABBBC,11
ACAABBCA,8
ACAABBCB,11
ACAABBCC,9
ACAABCAA,3
ACAABCAB,4
ACAABCAC,2
ACAABCBA,0
ACAABCBB,11
ACAABCBC,1
ACAABCCA,2
ACAABCCB,5
ACAABCCC,3
ACAACAAA,0
ACAACAAB,7
ACAACAAC,1
ACAACABA,3
ACAACABB,8
ACAACABC,2
ACAACACA,1
ACAACACB,6
ACAACACC,0
ACAACBAA,3
ACAACBAB,4
ACAACBAC,2
ACAACBBA,8
ACAACBBB,11
ACAACBBC,9
ACAACBCA,2
ACAACBCB,5
ACAACBCC,3
ACAACCAA,1
ACAACCAB,6
ACAACCAC,0
ACAACCBA,2
ACAACCBB,9
ACAACCBC,3
ACAACCCA,0
ACAACCCB,7
ACAACCCC,1
ACABAAAA,2
ACABAAAB,5
ACABAAAC,3
ACABAABA,1
ACABAABB,10
ACABAABC,0
ACABAACA,3
ACABAACB,4
ACABAACC,2
ACABABAA,1
ACABABAB,6
ACABABAC,0
ACABABBA,10
ACABABBB,9
ACABABBC,11
ACABABCA,0
ACABABCB,7
ACABABCC,1
ACABACAA,3
ACABACAB,4
ACABACAC,2
ACABACBA,0
ACABACBB,11
ACABACBC,1
ACABACCA,2
ACABACCB,5
ACABACCC,3
ACABBAAA,9
ACABBAAB,10
ACABBAAC,8
ACABBABA,10
ACABBABB,9
ACABBABC,11
ACABBACA,8
ACABBACB,11
ACABBACC,9
ACABBBAA,10
ACABBBAB,9
ACABBBAC,11
ACABBBBA,9
ACABBBBB,10
ACABBBBC,8
ACABBBCA,11
ACABBBCB,8
ACABBBCC,10
ACABBCAA,8
ACABBCAB,11
ACABBCAC,9
ACABBCBA,11
ACABBCBB,8
ACABBCBC,10
ACABBCCA,9
ACABBCCB,10
ACABBCCC,8
ACABCAAA,3
ACABCAAB,4
ACABCAAC,2
ACABCABA,0
ACABCABB,11
ACABCABC,1
ACABCACA,2
ACABCACB,5
ACABCACC,3
ACABCBAA,0
ACABCBAB,7
ACABCBAC,1
ACABCBBA,11
ACABCBBB,8
ACABCBBC,10
ACABCBCA,1
ACABCBCB,6
ACABCBCC,0
ACABCCAA,2
ACABCCAB,5
ACABCCAC,3
ACABCCBA,1
ACABCCBB,10
ACABCCBC,0
ACABCCCA,3
ACABCCCB,4
ACABCCCC,2
ACACAAAA,0
ACACAAAB,7
ACACAAAC,1
ACACAABA,3
ACACAABB,8
ACACAABC,2
ACACAACA,1
ACACAACB,6
ACACAACC,0
ACACABAA,3
ACACABAB,4
ACACABAC,2
ACACABBA,8
ACACABBB,11
ACACABBC,9
ACACABCA,2
ACACABCB,5
ACACABCC,3
ACACACAA,1
ACACACAB,6
ACACACAC,0
ACACACBA,2
ACACACBB,9
ACACACBC,3
ACACACCA,0
ACACACCB,7
ACACACCC,1
ACACBAAA,3
ACACBAAB,4
ACACBAAC,2
ACACBABA,0
ACACBABB,11
ACACBABC,1
ACACBACA,2
ACACBACB,5
ACACBACC,3
ACACBBAA,8
ACACBBAB,11
ACACBBAC,9
ACACBBBA,11
ACACBBBB,8
ACACBBBC,10
ACACBBCA,9
ACACBBCB,10
ACACBBCC,8
ACACBCAA,2
ACACBCAB,5
ACACBCAC,3
ACACBCBA,1
ACACBCBB,10
ACACBCBC,0
ACACBCCA,3
ACACBCCB,4
ACACBCCC,2
ACACCAAA,1
ACACCAAB,6
ACACCAAC,0
ACACCABA,2
ACACCABB,9
ACACCABC,3
ACACCACA,0
ACACCACB,7
ACACCACC,1
ACACCBAA,2
ACACCBAB,5
ACACCBAC,3
ACACCBBA,9
ACACCBBB,10
ACACCBBC,8
ACACCBCA,3
ACACCBCB,4
ACACCBCC,2
ACACCCAA,0
ACACCCAB,7
ACACCCAC,1
ACACCCBA,3
ACACCCBB,8
ACACCCBC,2
ACACCCCA,1
ACACCCCB,6
ACACCCCC,0
ACBAAAAA,2
ACBAAAAB,5
ACBAAAAC,3
ACBAAABA,1
ACBAAABB,10
ACBAAABC,0
ACBAAACA,3
ACBAAACB,4
ACBAAACC,2
ACBAABAA,1
ACBAABAB,6
ACBAABAC,0
ACBAABBA,10
ACBAABBB,9
ACBAABBC,11
ACBAABCA,0
ACBAABCB,7
ACBAABCC,1
ACBAACAA,3
ACBAACAB,4
ACBAACAC,2
ACBAACBA,0
ACBAACBB,11
ACBAACBC,1
ACBAACCA,2
ACBAACCB,5
ACBAACCC,3
ACBABAAA,1
ACBABAAB,6
ACBABAAC,0
ACBABABA,2
ACBABABB,9
ACBABABC,3
ACBABACA,0
ACBABACB,7
ACBABACC,1
ACBABBAA,10
ACBABBAB,9
ACBABBAC,11
ACBABBBA,9
ACBABBBB,10
ACBABBBC,8
ACBABBCA,11
ACBABBCB,8
ACBABBCC,10
ACBABCAA,0
ACBABCAB,7
ACBABCAC,1
ACBABCBA,3
ACBABCBB,8
ACBABCBC,2
ACBABCCA,1
ACBABCCB,6
ACBABCCC,0
ACBACAAA,3
ACBACAAB,4
ACBACAAC,2
ACBACABA,0
ACBACABB,11
ACBACABC,1
ACBACACA,2
ACBACACB,5
ACBACACC,3
ACBACBAA,0
ACBACBAB,7
ACBACBAC,1
ACBACBBA,11
ACBACBBB,8
ACBACBBC,10
ACBACBCA,1
ACBACBCB,6
ACBACBCC,0
ACBACCAA,2
ACBACCAB,5
ACBACCAC,3
ACBACCBA,1
ACBACCBB,10
ACBACCBC,0
ACBACCCA,3
ACBACCCB,4
ACBACCCC,2
ACBBAAAA,9
ACBBAAAB,10
ACBBAAAC,8
ACBBAABA,10
ACBBAABB,9
ACBBAABC,11
ACBBAACA,8
ACBBAACB,11
ACBBAACC,9
ACBBABAA,10
ACBBABAB,9
ACBBABAC,11
ACBBABBA,9
ACBBABBB,10
ACBBABBC,8
ACBBABCA,11
ACBBABCB,8
ACBBABCC,10
ACBBACAA,8
ACBBACAB,11
ACBBACAC,9
ACBBACBA,11
ACBBACBB,8
ACBBACBC,10
ACBBACCA,9
ACBBACCB,10
ACBBACCC,8
ACBBBAAA,10
ACBBBAAB,9
ACBBBAAC,11
ACBBBABA,9
ACBBBABB,10
ACBBBABC,8
ACBBBACA,11
ACBBBACB,8
ACBBBACC,10
ACBBBBAA,9
ACBBBBAB,10
ACBBBBAC,8
ACBBBBBA,10
ACBBBBBB,9
ACBBBBBC,11
ACBBBBCA,8
ACBBBBCB,11
ACBBBBCC,9
ACBBBCAA,11
ACBBBCAB,8
ACBBBCAC,10
ACBBBCBA,8
ACBBBCBB,11
ACBBBCBC,9
ACBBBCCA,10
ACBBBCCB,9
ACBBBCCC,11
ACBBCAAA,8
ACBBCAAB,11
ACBBCAAC,9
ACBBCABA,11
ACBBCABB,8
ACBBCABC,10
ACBBCACA,9
ACBBCACB,10
ACBBCACC,8
ACBBCBAA,11
ACBBCBAB,8
ACBBCBAC,10
ACBBCBBA,8
ACBBCBBB,11
ACBBCBBC,9
ACBBCBCA,10
ACBBCBCB,9
ACBBCBCC,11
ACBBCCAA,9
ACBBCCAB,10
ACBBCCAC,8
ACBBCCBA,10
ACBBCCBB,9
ACBBCCBC,11
ACBBCCCA,8
ACBBCCCB,11
ACBBCCCC,9
ACBCAAAA,3
ACBCAAAB,4
ACBCAAAC,2
ACBCAABA,0
ACBCAABB,11
ACBCAABC,1
ACBCAACA,2
ACBCAACB,5
ACBCAACC,3
ACBCABAA,0
ACBCABAB,7
ACBCABAC,1
ACBCABBA,11
ACBCABBB,8
ACBCABBC,10
ACBCABCA,1
ACBCABCB,6
ACBCABCC,0
ACBCACAA,2
ACBCACAB,5
ACBCACAC,3
ACBCACBA,1
ACBCACBB,10
ACBCACBC,0
ACBCACCA,3
ACBCACCB,4
ACBCACCC,2
ACBCBAAA,0
ACBCBAAB,7
ACBCBAAC,1
ACBCBABA,3
ACBCBABB,8
ACBCBABC,2
ACBCBACA,1
ACBCBACB,6
ACBCBACC,0
ACBCBBAA,11
ACBCBBAB,8
ACBCBBAC,10
ACBCBBBA,8
ACBCBBBB,11
ACBCBBBC,9
ACBCBBCA,10
ACBCBBCB,9
ACBCBBCC,11
ACBCBCAA,1
ACBCBCAB,6
ACBCBCAC,0
ACBCBCBA,2
ACBCBCBB,9
ACBCBCBC,3
ACBCBCCA,0
ACBCBCCB,7
ACBCBCCC,1
ACBCCAAA,2
ACBCCAAB,5
ACBCCAAC,3
ACBCCABA,1
ACBCCABB,10
ACBCCABC,0
ACBCCACA,3
ACBCCACB,4
ACBCCACC,2
ACBCCBAA,1
ACBCCBAB,6
ACBCCBAC,0
ACBCCBBA,10
ACBCCBBB,9
ACBCCBBC,11
ACBCCBCA,0
ACBCCBCB,7
ACBCCBCC,1
ACBCCCAA,3
ACBCCCAB,4
ACBCCCAC,2
ACBCCCBA,0
ACBCCCBB,11
ACBCCCBC,1
ACBCCCCA,2
ACBCCCCB,5
ACBCCCCC,3
ACCAAAAA,0
ACCAAAAB,7
ACCAAAAC,1
ACCAAABA,3
ACCAAABB,8
ACCAAABC,2
ACCAAACA,1
ACCAAACB,6
ACCAAACC,0
ACCAABAA,3
ACCAABAB,4
ACCAABAC,2
ACCAABBA,8
ACCAABBB,11
ACCAABBC,9
ACCAABCA,2
ACCAABCB,5
ACCAABCC,3
ACCAACAA,1
ACCAACAB,6
ACCAACAC,0
ACCAACBA,2
ACCAACBB,9
ACCAACBC,3
ACCAACCA,0
ACCAACCB,7
ACCAACCC,1
ACCABAAA,3
ACCABAAB,4
ACCABAAC,2
ACCABABA,0
ACCABABB,11
ACCABABC,1
ACCABACA,2
ACCABACB,5
ACCABACC,3
ACCABBAA,8
ACCABBAB,11
ACCABBAC,9
ACCABBBA,11
ACCABBBB,8
ACCABBBC,10
ACCABBCA,9
ACCABBCB,10
ACCABBCC,8
ACCABCAA,2
ACCABCAB,5
ACCABCAC,3
ACCABCBA,1
ACCABCBB,10
ACCABCBC,0
ACCABCCA,3
ACCABCCB,4
ACCABCCC,2
ACCACAAA,1
ACCACAAB,6
ACCACAAC,0
ACCACABA,2
ACCACABB,9
ACCACABC,3
ACCACACA,0
ACCACACB,7
ACCACACC,1
ACCACBAA,2
ACCACBAB,5
ACCACBAC,3
ACCACBBA,9
ACCACBBB,10
ACCACBBC,8
ACCACBCA,3
ACCACBCB,4
ACCACBCC,2
ACCACCAA,0
ACCACCAB,7
ACCACCAC,1
ACCACCBA,3
ACCACCBB,8
ACCACCBC,2
ACCACCCA,1
ACCACCCB,6
ACCACCCC,0
ACCBAAAA,3
ACCBAAAB,4
ACCBAAAC,2
ACCBAABA,0
ACCBAABB,11
ACCBAABC,1
ACCBAACA,2
ACCBAACB,5
ACCBAACC,3
ACCBABAA,0
ACCBABAB,7
ACCBABAC,1
ACCBABBA,11
ACCBABBB,8
ACCBABBC,10
ACCBABCA,1
ACCBABCB,6
ACCBABCC,0
ACCBACAA,2
ACCBACAB,5
ACCBACAC,3
ACCBACBA,1
ACCBACBB,10
ACCBACBC,0
ACCBACCA,3
ACCBACCB,4
ACCBACCC,2
ACCBBAAA,8
ACCBBAAB,11
ACCBBAAC,9
ACCBBABA,11
ACCBBABB,8
ACCBBABC,10
ACCBBACA,9
ACCBBACB,10
ACCBBACC,8
ACCBBBAA,11
ACCBBBAB,8
ACCBBBAC,10
ACCBBBBA,8
ACCBBBBB,11
ACCBBBBC,9
ACCBBBCA,10
ACCBBBCB,9
ACCBBBCC,11
ACCBBCAA,9
ACCBBCAB,10
ACCBBCAC,8
ACCBBCBA,10
ACCBBCBB,9
ACCBBCBC,11
ACCBBCCA,8
ACCBBCCB,11
ACCBBCCC,9
ACCBCAAA,2
ACCBCAAB,5
ACCBCAAC,3
ACCBCABA,1
ACCBCABB,10
ACCBCABC,0
ACCBCACA,3
ACCBCACB,4
ACCBCACC,2
ACCBCBAA,1
ACCBCBAB,6
ACCBCBAC,0
ACCBCBBA,10
ACCBCBBB,9
ACCBCBBC,11
ACCBCBCA,0
ACCBCBCB,7
ACCBCBCC,1
ACCBCCAA,3
ACCBCCAB,4
ACCBCCAC,2
ACCBCCBA,0
ACCBCCBB,11
ACCBCCBC,1
ACCBCCCA,2
ACCBCCCB,5
ACCBCCCC,3
ACCCAAAA,1
ACCCAAAB,6
ACCCAAAC,0
ACCCAABA,2
ACCCAABB,9
ACCCAABC,3
ACCCAACA,0
ACCCAACB,7
ACCCAACC,1
ACCCABAA,2
ACCCABAB,5
ACCCABAC,3
ACCCABBA,9
ACCCABBB,10
ACCCABBC,8
ACCCABCA,3
ACCCABCB,4
ACCCABCC,2
ACCCACAA,0
ACCCACAB,7
ACCCACAC,1
ACCCACBA,3
ACCCACBB,8
ACCCACBC,2
ACCCACCA,1
ACCCACCB,6
ACCCACCC,0
ACCCBAAA,2
ACCCBAAB,5
ACCCBAAC,3
ACCCBABA,1
ACCCBABB,10
ACCCBABC,0
ACCCBACA,3
ACCCBACB,4
ACCCBACC,2
ACCCBBAA,9
ACCCBBAB,10
ACCCBBAC,8
ACCCBBBA,10
ACCCBBBB,9
ACCCBBBC,11
ACCCBBCA,8
ACCCBBCB,11
ACCCBBCC,9
ACCCBCAA,3
ACCCBCAB,4
ACCCBCAC,2
ACCCBCBA,0
ACCCBCBB,11
ACCCBCBC,1
ACCCBCCA,2
ACCCBCCB,5
ACCCBCCC,3
ACCCCAAA,0
ACCCCAAB,7
ACCCCAAC,1
ACCCCABA,3
ACCCCABB,8
ACCCCABC,2
ACCCCACA,1
ACCCCACB,6
ACCCCACC,0
ACCCCBAA,3
ACCCCBAB,4
ACCCCBAC,2
ACCCCBBA,8
ACCCCBBB,11
ACCCCBBC,9
ACCCCBCA,2
ACCCCBCB,5
ACCCCBCC,3
ACCCCCAA,1
ACCCCCAB,6
ACCCCCAC,0
ACCCCCBA,2
ACCCCCBB,9
ACCCCCBC,3
ACCCCCCA,0
ACCCCCCB,7
ACCCCCCC,1
BAAAAAAA,3
BAAAAAAB,4
BAAAAAAC,2
BAAAAABA,0
BAAAAABB,11
BAAAAABC,1
BAAAAACA,2
BAAAAACB,5
BAAAAACC,3
BAAAABAA,0
BAAAABAB,7
BAAAABAC,1
BAAAABBA,11
BAAAABBB,8
BAAAABBC,10
BAAAABCA,1
BAAAABCB,6
BAAAABCC,0
BAAAACAA,2
BAAAACAB,5
BAAAACAC,3
BAAAACBA,1
BAAAACBB,10
BAAAACBC,0
BAAAACCA,3
BAAAACCB,4
BAAAACCC,2
BAAABAAA,0
BAAABAAB,7
BAAABAAC,1
BAAABABA,3
BAAABABB,8
BAAABABC,2
BAAABACA,1
BAAABACB,6
BAAABACC,0
BAAABBAA,11
BAAABBAB,8
BAAABBAC,10
BAAABBBA,8
BAAABBBB,11
BAAABBBC,9
BAAABBCA,10
BAAABBCB,9
BAAABBCC,11
BAAABCAA,1
BAAABCAB,6
BAAABCAC,0
BAAABCBA,2
BAAABCBB,9
BAAABCBC,3
BAAABCCA,0
BAAABCCB,7
BAAABCCC,1
BAAACAAA,2
BAAACAAB,5
BAAACAAC,3
BAAACABA,1
BAAACABB,10
BAAACABC,0
BAAACACA,3
BAAACACB,4
BAAACACC,2
BAAACBAA,1
BAAACBAB,6
BAAACBAC,0
BAAACBBA,10
BAAACBBB,9
BAAACBBC,11
BAAACBCA,0
BAAACBCB,7
BAAACBCC,1
BAAACCAA,3
BAAACCAB,4
BAAACCAC,2
BAAACCBA,0
BAAACCBB,11
BAAACCBC,1
BAAACCCA,2
BAAACCCB,5
BAAACCCC,3
BAABAAAA,0
BAABAAAB,7
BAABAAAC,1
BAABAABA,3
BAABAABB,8
BAABAABC,2
BAABAACA,1
BAABAACB,6
BAABAACC,0
BAABABAA,3
BAABABAB,4
BAABABAC,2
BAABABBA,8
BAABABBB,11
BAABABBC,9
BAABABCA,2
BAABABCB,5
BAABABCC,3
BAABACAA,1
BAABACAB,6
BAABACAC,0
BAABACBA,2
BAABACBB,9
BAABACBC,3
BAABACCA,0
BAABACCB,7
BAABACCC,1
BAABBAAA,11
BAABBAAB,8
BAABBAAC,10
BAABBABA,8
BAABBABB,11
BAABBABC,9
BAABBACA,10
BAABBACB,9
BAABBACC,11
BAABBBAA,8
BAABBBAB,11
BAABBBAC,9
BAABBBBA,11
BAABBBBB,8
BAABBBBC,10
BAABBBCA,9
BAABBBCB,10
BAABBBCC,8
BAABBCAA,10
BAABBCAB,9
BAABBCAC,11
BAABBCBA,9
BAABBCBB,10
BAABBCBC,8
BAABBCCA,11
BAABBCCB,8
BAABBCCC,10
BAABCAAA,1
BAABCAAB,6
BAABCAAC,0
BAABCABA,2
BAABCABB,9
BAABCABC,3
BAABCACA,0
BAABCACB,7
BAABCACC,1
BAABCBAA,2
BAABCBAB,5
BAABCBAC,3
BAABCBBA,9
BAABCBBB,10
BAABCBBC,8
BAABCBCA,3
BAABCBCB,4
BAABCBCC,2
BAABCCAA,0
BAABCCAB,7
BAABCCAC,1
BAABCCBA,3
BAABCCBB,8
BAABCCBC,2
BAABCCCA,1
BAABCCCB,6
BAABCCCC,0
BAACAAAA,2
BAACAAAB,5
BAACAAAC,3
BAACAABA,1
BAACAABB,10
BAACAABC,0
BAACAACA,3
BAACAACB,4
BAACAACC,2
BAACABAA,1
BAACABAB,6
BAACABAC,0
BAACABBA,10
BAACABBB,9
BAACABBC,11
BAACABCA,0
BAACABCB,7
BAACABCC,1
BAACACAA,3
BAACACAB,4
BAACACAC,2
BAACACBA,0
BAACACBB,11
BAACACBC,1
BAACACCA,2
BAACACCB,5
BAACACCC,3
BAACBAAA,1
BAACBAAB,6
BAACBAAC,0
BAACBABA,2
BAACBABB,9
BAACBABC,3
BAACBACA,0
BAACBACB,7
BAACBACC,1
BAACBBAA,10
BAACBBAB,9
BAACBBAC,11
BAACBBBA,9
BAACBBBB,10
BAACBBBC,8
BAACBBCA,11
BAACBBCB,8
BAACBBCC,10
BAACBCAA,0
BAACBCAB,7
BAACBCAC,1
BAACBCBA,3
BAACBCBB,8
BAACBCBC,2
BAACBCCA,1
BAACBCCB,6
BAACBCCC,0
BAACCAAA,3
BAACCAAB,4
BAACCAAC,2
BAACCABA,0
BAACCABB,11
BAACCABC,1
BAACCACA,2
BAACCACB,5
BAACCACC,3
BAACCBAA,0
BAACCBAB,7
BAACCBAC,1
BAACCBBA,11
BAACCBBB,8
BAACCBBC,10
BAACCBCA,1
BAACCBCB,6
BAACCBCC,0
BAACCCAA,2
BAACCCAB,5
BAACCCAC,3
BAACCCBA,1
BAACCCBB,10
BAACCCBC,0
BAACCCCA,3
BAACCCCB,4
BAACCCCC,2
BABAAAAA,0
BABAAAAB,7
BABAAAAC,1
BABAAABA,3
BABAAABB,8
BABAAABC,2
BABAAACA,1
BABAAACB,6
BABAAACC,0
BABAABAA,3
BABAABAB,4
BABAABAC,2
BABAABBA,8
BABAABBB,11
BABAABBC,9
BABAABCA,2
BABAABCB,5
BABAABCC,3
BABAACAA,1
BABAACAB,6
BABAACAC,0
BABAACBA,2
BABAACBB,9
BABAACBC,3
BABAACCA,0
BABAACCB,7
BABAACCC,1
BABABAAA,3
BABABAAB,4
BABABAAC,2
BABABABA,0
BABABABB,11
BABABABC,1
BABABACA,2
BABABACB,5
BABABACC,3
BABABBAA,8
BABABBAB,11
BABABBAC,9
BABABBBA,11
BABABBBB,8
BABABBBC,10
BABABBCA,9
BABABBCB,10
BABABBCC,8
BABABCAA,2
BABABCAB,5
BABABCAC,3
BABABCBA,1
BABABCBB,10
BABABCBC,0
BABABCCA,3
BABABCCB,4
BABABCCC,2
BABACAAA,1
BABACAAB,6
BABACAAC,0
BABACABA,2
BABACABB,9
BABACABC,3
BABACACA,0
BABACACB,7
BABACACC,1
BABACBAA,2
BABACBAB,5
BABACBAC,3
BABACBBA,9
BABACBBB,10
BABACBBC,8
BABACBCA,3
BABACBCB,4
BABACBCC,2
BABACCAA,0
BABACCAB,7
BABACCAC,1
BABACCBA,3
BABACCBB,8
BABACCBC,2
BABACCCA,1
BABACCCB,6
BABACCCC,0
BABBAAAA,11
BABBAAAB,8
BABBAAAC,10
BABBAABA,8
BABBAABB,11
BABBAABC,9
BABBAACA,10
BABBAACB,9
BABBAACC,11
BABBABAA,8
BABBABAB,11
BABBABAC,9
BABBABBA,11
BABBABBB,8
BABBABBC,10
BABBABCA,9
BABBABCB,10
BABBABCC,8
BABBACAA,10
BABBACAB,9
BABBACAC,11
BABBACBA,9
BABBACBB,10
BABBACBC,8
BABBACCA,11
BABBACCB,8
BABBACCC,10
BABBBAAA,8
BABBBAAB,11
BABBBAAC,9
BABBBABA,11
BABBBABB,8
BABBBABC,10
BABBBACA,9
BABBBACB,10
BABBBACC,8
BABBBBAA,11
BABBBBAB,8
BABBBBAC,10
BABBBBBA,8
BABBBBBB,11
BABBBBBC,9
BABBBBCA,10
BABBBBCB,9
BABBBBCC,11
BABBBCAA,9
BABBBCAB,10
BABBBCAC,8
BABBBCBA,10
BABBBCBB,9
BABBBCBC,11
BABBBCCA,8
BABBBCCB,11
BABBBCCC,9
BABBCAAA,10
BABBCAAB,9
BABBCAAC,11
BABBCABA,9
BABBCABB,10
BABBCABC,8
BABBCACA,11
BABBCACB,8
BABBCACC,10
BABBCBAA,9
BABBCBAB,10
BABBCBAC,8
BABBCBBA,10
BABBCBBB,9
BABBCBBC,11
BABBCBCA,8
BABBCBCB,11
BABBCBCC,9
BABBCCAA,11
BABBCCAB,8
BABBCCAC,10
BABBCCBA,8
BABBCCBB,11
BABBCCBC,9
BABBCCCA,10
BABBCCCB,9
BABBCCCC,11
BABCAAAA,1
BABCAAAB,6
BABCAAAC,0
BABCAABA,2
BABCAABB,9
BABCAABC,3
BABCAACA,0
BABCAACB,7
BABCAACC,1
BABCABAA,2
BABCABAB,5
BABCABAC,3
BABCABBA,9
BABCABBB,10
BABCABBC,8
BABCABCA,3
BABCABCB,4
BABCABCC,2
BABCACAA,0
BABCACAB,7
BABCACAC,1
BABCACBA,3
BABCACBB,8
BABCACBC,2
BABCACCA,1
BABCACCB,6
BABCACCC,0
BABCBAAA,2
BABCBAAB,5
BABCBAAC,3
BABCBABA,1
BABCBABB,10
BABCBABC,0
BABCBACA,3
BABCBACB,4
BABCBACC,2
BABCBBAA,9
BABCBBAB,10
BABCBBAC,8
BABCBBBA,10
BABCBBBB,9
BABCBBBC,11
BABCBBCA,8
BABCBBCB,11
BABCBBCC,9
BABCBCAA,3
BABCBCAB,4
BABCBCAC,2
BABCBCBA,0
BABCBCBB,11
BABCBCBC,1
BABCBCCA,2
BABCBCCB,5
BABCBCCC,3
BABCCAAA,0
BABCCAAB,7
BABCCAAC,1
BABCCABA,3
BABCCABB,8
BABCCABC,2
BABCCACA,1
BABCCACB,6
BABCCACC,0
BABCCBAA,3
BABCCBAB,4
BABCCBAC,2
BABCCBBA,8
BABCCBBB,11
BABCCBBC,9
BABCCBCA,2
BABCCBCB,5
BABCCBCC,3
BABCCCAA,1
BABCCCAB,6
BABCCCAC,0
BABCCCBA,2
BABCCCBB,9
BABCCCBC,3
BABCCCCA,0
BABCCCCB,7
BABCCCCC,1
BACAAAAA,2
BACAAAAB,5
BACAAAAC,3
BACAAABA,1
BACAAABB,10
BACAAABC,0
BACAAACA,3
BACAAACB,4
BACAAACC,2
BACAABAA,1
BACAABAB,6
BACAABAC,0
BACAABBA,10
BACAABBB,9
BACAABBC,11
BACAABCA,0
BACAABCB,7
BACAABCC,1
BACAACAA,3
BACAACAB,4
BACAACAC,2
BACAACBA,0
BACAACBB,11
BACAACBC,1
BACAACCA,2
BACAACCB,5
BACAACCC,3
BACABAAA,1
BACABAAB,6
BACABAAC,0
BACABABA,2
BACABABB,9
BACABABC,3
BACABACA,0
BACABACB,7
BACABACC,1
BACABBAA,10
BACABBAB,9
BACABBAC,11
BACABBBA,9
BACABBBB,10
BACABBBC,8
BACABBCA,11
BACABBCB,8
BACABBCC,10
BACABCAA,0
BACABCAB,7
BACABCAC,1
BACABCBA,3
BACABCBB,8
BACABCBC,2
BACABCCA,1
BACABCCB,6
BACABCCC,0
BACACAAA,3
BACACAAB,4
BACACAAC,2
BACACABA,0
BACACABB,11
BACACABC,1
BACACACA,2
BACACACB,5
BACACACC,3
BACACBAA,0
BACACBAB,7
BACACBAC,1
BACACBBA,11
BACACBBB,8
BACACBBC,10
BACACBCA,1
BACACBCB,6
BACACBCC,0
BACACCAA,2
BACACCAB,5
BACACCAC,3
BACACCBA,1
BACACCBB,10
BACACCBC,0
BACACCCA,3
BACACCCB,4
BACACCCC,2
BACBAAAA,1
BACBAAAB,6
BACBAAAC,0
BACBAABA,2
BACBAABB,9
BACBAABC,3
BACBAACA,0
BACBAACB,7
BACBAACC,1
BACBABAA,2
BACBABAB,5
BACBABAC,3
BACBABBA,9
BACBABBB,10
BACBABBC,8
BACBABCA,3
BACBABCB,4
BACBABCC,2
BACBACAA,0
BACBACAB,7
BACBACAC,1
BACBACBA,3
BACBACBB,8
BACBACBC,2
BACBACCA,1
BACBACCB,6
BACBACCC,0
BACBBAAA,10
BACBBAAB,9
BACBBAAC,11
BACBBABA,9
BACBBABB,10
BACBBABC,8
BACBBACA,11
BACBBACB,8
BACBBACC,10
BACBBBAA,9
BACBBBAB,10
BACBBBAC,8
BACBBBBA,10
BACBBBBB,9
BACBBBBC,11
BACBBBCA,8
BACBBBCB,11
BACBBBCC,9
BACBBCAA,11
BACBBCAB,8
BACBBCAC,10
BACBBCBA,8
BACBBCBB,11
BACBBCBC,9
BACBBCCA,10
BACBBCCB,9
BACBBCCC,11
BACBCAAA,0
BACBCAAB,7
BACBCAAC,1
BACBCABA,3
BACBCABB,8
BACBCABC,2
BACBCACA,1
BACBCACB,6
BACBCACC,0
BACBCBAA,3
BACBCBAB,4
BACBCBAC,2
BACBCBBA,8
BACBCBBB,11
BACBCBBC,9
BACBCBCA,2
BACBCBCB,5
BACBCBCC,3
BACBCCAA,1
BACBCCAB,6
BACBCCAC,0
BACBCCBA,2
BACBCCBB,9
BACBCCBC,3
BACBCCCA,0
BACBCCCB,7
BACBCCCC,1
BACCAAAA,3
BACCAAAB,4
BACCAAAC,2
BACCAABA,0
BACCAABB,11
BACCAABC,1
BACCAACA,2
BACCAACB,5
BACCAACC,3
BACCABAA,0
BACCABAB,7
BACCABAC,1
BACCABBA,11
BACCABBB,8
BACCABBC,10
BACCABCA,1
BACCABCB,6
BACCABCC,0
BACCACAA,2
BACCACAB,5
BACCACAC,3
BACCACBA,1
BACCACBB,10
BACCACBC,0
BACCACCA,3
BACCACCB,4
BACCACCC,2
BACCBAAA,0
BACCBAAB,7
BACCBAAC,1
BACCBABA,3
BACCBABB,8
BACCBABC,2
BACCBACA,1
BACCBACB,6
BACCBACC,0
BACCBBAA,11
BACCBBAB,8
BACCBBAC,10
BACCBBBA,8
BACCBBBB,11
BACCBBBC,9
BACCBBCA,10
BACCBBCB,9
BACCBBCC,11
BACCBCAA,1
BACCBCAB,6
BACCBCAC,0
BACCBCBA,2
BACCBCBB,9
BACCBCBC,3
BACCBCCA,0
BACCBCCB,7
BACCBCCC,1
BACCCAAA,2
BACCCAAB,5
BACCCAAC,3
BACCCABA,1
BACCCABB,10
BACCCABC,0
BACCCACA,3
BACCCACB,4
BACCCACC,2
BACCCBAA,1
BACCCBAB,6
BACCCBAC,0
BACCCBBA,10
BACCCBBB,9
BACCCBBC,11
BACCCBCA,0
BACCCBCB,7
BACCCBCC,1
BACCCCAA,3
BACCCCAB,4
BACCCCAC,2
BACCCCBA,0
BACCCCBB,11
BACCCCBC,1
BACCCCCA,2
BACCCCCB,5
BACCCCCC,3
BBAAAAAA,8
BBAAAAAB,11
BBAAAAAC,9
BBAAAABA,11
BBAAAABB,8
BBAAAABC,10
BBAAAACA,9
BBAAAACB,10
BBAAAACC,8
BBAAABAA,11
BBAAABAB,8
BBAAABAC,10
BBAAABBA,8
BBAAABBB,11
BBAAABBC,9
BBAAABCA,10
BBAAABCB,9
BBAAABCC,11
BBAAACAA,9
BBAAACAB,10
BBAAACAC,8
BBAAACBA,10
BBAAACBB,9
BBAAACBC,11
BBAAACCA,8
BBAAACCB,11
BBAAACCC,9
BBAABAAA,11
BBAABAAB,8
BBAABAAC,10
BBAABABA,8
BBAABABB,11
BBAABABC,9
BBAABACA,10
BBAABACB,9
BBAABACC,11
BBAABBAA,8
BBAABBAB,11
BBAABBAC,9
BBAABBBA,11
BBAABBBB,8
BBAABBBC,10
BBAABBCA,9
BBAABBCB,10
BBAABBCC,8
BBAABCAA,10
BBAABCAB,9
BBAABCAC,11
BBAABCBA,9
BBAABCBB,10
BBAABCBC,8
BBAABCCA,11
BBAABCCB,8
BBAABCCC,10
BBAACAAA,9
BBAACAAB,10
BBAACAAC,8
BBAACABA,10
BBAACABB,9
BBAACABC,11
BBAACACA,8
BBAACACB,11
BBAACACC,9
BBAACBAA,10
BBAACBAB,9
BBAACBAC,11
BBAACBBA,9
BBAACBBB,10
BBAACBBC,8
BBAACBCA,11
BBAACBCB,8
BBAACBCC,10
BBAACCAA,8
BBAACCAB,11
BBAACCAC,9
BBAACCBA,11
BBAACCBB,8
BBAACCBC,10
BBAACCCA,9
BBAACCCB,10
BBAACCCC,8
BBABAAAA,11
BBABAAAB,8
BBABAAAC,10
BBABAABA,8
BBABAABB,11
BBABAABC,9
BBABAACA,10
BBABAACB,9
BBABAACC,11
BBABABAA,8
BBABABAB,11
BBABABAC,9
BBABABBA,11
BBABABBB,8
BBABABBC,10
BBABABCA,9
BBABABCB,10
BBABABCC,8
BBABACAA,10
BBABACAB,9
BBABACAC,11
BBABACBA,9
BBABACBB,10
BBABACBC,8
BBABACCA,11
BBABACCB,8
BBABACCC,10
BBABBAAA,8
BBABBAAB,11
BBABBAAC,9
BBABBABA,11
BBABBABB,8
BBABBABC,10
BBABBACA,9
BBABBACB,10
BBABBACC,8
BBABBBAA,11
BBABBBAB,8
BBABBBAC,10
BBABBBBA,8
BBABBBBB,11
BBABBBBC,9
BBABBBCA,10
BBABBBCB,9
BBABBBCC,11
BBABBCAA,9
BBABBCAB,10
BBABBCAC,8
BBABBCBA,10
BBABBCBB,9
BBABBCBC,11
BBABBCCA,8
BBABBCCB,11
BBABBCCC,9
BBABCAAA,10
BBABCAAB,9
BBABCAAC,11
BBABCABA,9
BBABCABB,10
BBABCABC,8
BBABCACA,11
BBABCACB,8
BBABCACC,10
BBABCBAA,9
BBABCBAB,10
BBABCBAC,8
BBABCBBA,10
BBABCBBB,9
BBABCBBC,11
BBABCBCA,8
BBABCBCB,11
BBABCBCC,9
BBABCCAA,11
BBABCCAB,8
BBABCCAC,10
BBABCCBA,8
BBABCCBB,11
BBABCCBC,9
BBABCCCA,10
BBABCCCB,9
BBABCCCC,11
BBACAAAA,9
BBACAAAB,10
BBACAAAC,8
BBACAABA,10
BBACAABB,9
BBACAABC,11
BBACAACA,8
BBACAACB,11
BBACAACC,9
BBACABAA,10
BBACABAB,9
BBACABAC,11
BBACABBA,9
BBACABBB,10
BBACABBC,8
BBACABCA,11
BBACABCB,8
BBACABCC,10
BBACACAA,8
BBACACAB,11
BBACACAC,9
BBACACBA,11
BBACACBB,8
BBACACBC,10
BBACACCA,9
BBACACCB,10
BBACACCC,8
BBACBAAA,10
BBACBAAB,9
BBACBAAC,11
BBACBABA,9
BBACBABB,10
BBACBABC,8
BBACBACA,11
BBACBACB,8
BBACBACC,10
BBACBBAA,9
BBACBBAB,10
BBACBBAC,8
BBACBBBA,10
BBACBBBB,9
BBACBBBC,11
BBACBBCA,8
BBACBBCB,11
BBACBBCC,9
BBACBCAA,11
BBACBCAB,8
BBACBCAC,10
BBACBCBA,8
BBACBCBB,11
BBACBCBC,9
BBACBCCA,10
BBACBCCB,9
BBACBCCC,11
BBACCAAA,8
BBACCAAB,11
BBACCAAC,9
BBACCABA,11
BBACCABB,8
BBACCABC,10
BBACCACA,9
BBACCACB,10
BBACCACC,8
BBACCBAA,11
BBACCBAB,8
BBACCBAC,10
BBACCBBA,8
BBACCBBB,11
BBACCBBC,9
BBACCBCA,10
BBACCBCB,9
BBACCBCC,11
BBACCCAA,9
BBACCCAB,10
BBACCCAC,8
BBACCCBA,10
BBACCCBB,9
BBACCCBC,11
BBACCCCA,8
BBACCCCB,11
BBACCCCC,9
BBBAAAAA,11
BBBAAAAB,8
BBBAAAAC,10
BBBAAABA,8
BBBAAABB,11
BBBAAABC,9
BBBAAACA,10
BBBAAACB,9
BBBAAACC,11
BBBAABAA,8
BBBAABAB,11
BBBAABAC,9
BBBAABBA,11
BBBAABBB,8
BBBAABBC,10
BBBAABCA,9
BBBAABCB,10
BBBAABCC,8
BBBAACAA,10
BBBAACAB,9
BBBAACAC,11
BBBAACBA,9
BBBAACBB,10
BBBAACBC,8
BBBAACCA,11
BBBAACCB,8
BBBAACCC,10
BBBABAAA,8
BBBABAAB,11
BBBABAAC,9
BBBABABA,11
BBBABABB,8
BBBABABC,10
BBBABACA,9
BBBABACB,10
BBBABACC,8
BBBABBAA,11
BBBABBAB,8
BBBABBAC,10
BBBABBBA,8
BBBABBBB,11
BBBABBBC,9
BBBABBCA,10
BBBABBCB,9
BBBABBCC,11
BBBABCAA,9
BBBABCAB,10
BBBABCAC,8
BBBABCBA,10
BBBABCBB,9
BBBABCBC,11
BBBABCCA,8
BBBABCCB,11
BBBABCCC,9
BBBACAAA,10
BBBACAAB,9
BBBACAAC,11
BBBACABA,9
BBBACABB,10
BBBACABC,8
BBBACACA,11
BBBACACB,8
BBBACACC,10
BBBACBAA,9
BBBACBAB,10
BBBACBAC,8
BBBACBBA,10
BBBACBBB,9
BBBACBBC,11
BBBACBCA,8
BBBACBCB,11
BBBACBCC,9
BBBACCAA,11
BBBACCAB,8
BBBACCAC,10
BBBACCBA,8
BBBACCBB,11
BBBACCBC,9
BBBACCCA,10
BBBACCCB,9
BBBACCCC,11
BBBBAAAA,8
BBBBAAAB,11
BBBBAAAC,9
BBBBAABA,11
BBBBAABB,8
BBBBAABC,10
BBBBAACA,9
BBBBAACB,10
BBBBAACC,8
BBBBABAA,11
BBBBABAB,8
BBBBABAC,10
BBBBABBA,8
BBBBABBB,11
BBBBABBC,9
BBBBABCA,10
BBBBABCB,9
BBBBABCC,11
BBBBACAA,9
BBBBACAB,10
BBBBACAC,8
BBBBACBA,10
BBBBACBB,9
BBBBACBC,11
BBBBACCA,8
BBBBACCB,11
BBBBACCC,9
BBBBBAAA,11
BBBBBAAB,8
BBBBBAAC,10
BBBBBABA,8
BBBBBABB,11
BBBBBABC,9
BBBBBACA,10
BBBBBACB,9
BBBBBACC,11
BBBBBBAA,8
BBBBBBAB,11
BBBBBBAC,9
BBBBBBBA,11
BBBBBBBB,8
BBBBBBBC,10
BBBBBBCA,9
BBBBBBCB,10
BBBBBBCC,8
BBBBBCAA,10
BBBBBCAB,9
BBBBBCAC,11
BBBBBCBA,9
BBBBBCBB,10
BBBBBCBC,8
BBBBBCCA,11
BBBBBCCB,8
BBBBBCCC,10
BBBBCAAA,9
BBBBCAAB,10
BBBBCAAC,8
BBBBCABA,10
BBBBCABB,9
BBBBCABC,11
BBBBCACA,8
BBBBCACB,11
BBBBCACC,9
BBBBCBAA,10
BBBBCBAB,9
BBBBCBAC,11
BBBBCBBA,9
BBBBCBBB,10
BBBBCBBC,8
BBBBCBCA,11
BBBBCBCB,8
BBBBCBCC,10
BBBBCCAA,8
BBBBCCAB,11
BBBBCCAC,9
BBBBCCBA,11
BBBBCCBB,8
BBBBCCBC,10
BBBBCCCA,9
BBBBCCCB,10
BBBBCCCC,8
BBBCAAAA,10
BBBCAAAB,9
BBBCAAAC,11
BBBCAABA,9
BBBCAABB,10
BBBCAABC,8
BBBCAACA,11
BBBCAACB,8
BBBCAACC,10
BBBCABAA,9
BBBCABAB,10
BBBCABAC,8
BBBCABBA,10
BBBCABBB,9
BBBCABBC,11
BBBCABCA,8
BBBCABCB,11
BBBCABCC,9
BBBCACAA,11
BBBCACAB,8
BBBCACAC,10
BBBCACBA,8
BBBCACBB,11
BBBCACBC,9
BBBCACCA,10
BBBCACCB,9
BBBCACCC,11
BBBCBAAA,9
BBBCBAAB,10
BBBCBAAC,8
BBBCBABA,10
BBBCBABB,9
BBBCBABC,11
BBBCBACA,8
BBBCBACB,11
BBBCBACC,9
BBBCBBAA,10
BBBCBBAB,9
BBBCBBAC,11
BBBCBBBA,9
BBBCBBBB,10
BBBCBBBC,8
BBBCBBCA,11
BBBCBBCB,8
BBBCBBCC,10
BBBCBCAA,8
BBBCBCAB,11
BBBCBCAC,9
BBBCBCBA,11
BBBCBCBB,8
BBBCBCBC,10
BBBCBCCA,9
BBBCBCCB,10
BBBCBCCC,8
BBBCCAAA,11
BBBCCAAB,8
BBBCCAAC,10
BBBCCABA,8
BBBCCABB,11
BBBCCABC,9
BBBCCACA,10
BBBCCACB,9
BBBCCACC,11
BBBCCBAA,8
BBBCCBAB,11
BBBCCBAC,9
BBBCCBBA,11
BBBCCBBB,8
BBBCCBBC,10
BBBCCBCA,9
BBBCCBCB,10
BBBCCBCC,8
BBBCCCAA,10
BBBCCCAB,9
BBBCCCAC,11
BBBCCCBA,9
BBBCCCBB,10
BBBCCCBC,8
BBBCCCCA,11
BBBCCCCB,8
BBBCCCCC,10
BBCAAAAA,9
BBCAAAAB,10
BBCAAAAC,8
BBCAAABA,10
BBCAAABB,9
BBCAAABC,11
BBCAAACA,8
BBCAAACB,11
BBCAAACC,9
BBCAABAA,10
BBCAABAB,9
BBCAABAC,11
BBCAABBA,9
BBCAABBB,10
BBCAABBC,8
BBCAABCA,11
BBCAABCB,8
BBCAABCC,10
BBCAACAA,8
BBCAACAB,11
BBCAACAC,9
BBCAACBA,11
BBCAACBB,8
BBCAACBC,10
BBCAACCA,9
BBCAACCB,10
BBCAACCC,8
BBCABAAA,10
BBCABAAB,9
BBCABAAC,11
BBCABABA,9
BBCABABB,10
BBCABABC,8
BBCABACA,11
BBCABACB,8
BBCABACC,10
BBCABBAA,9
BBCABBAB,10
BBCABBAC,8
BBCABBBA,10
BBCABBBB,9
BBCABBBC,11
BBCABBCA,8
BBCABBCB,11
BBCABBCC,9
BBCABCAA,11
BBCABCAB,8
BBCABCAC,10
BBCABCBA,8
BBCABCBB,11
BBCABCBC,9
BBCABCCA,10
BBCABCCB,9
BBCABCCC,11
BBCACAAA,8
BBCACAAB,11
BBCACAAC,9
BBCACABA,11
BBCACABB,8
BBCACABC,10
BBCACACA,9
BBCACACB,10
BBCACACC,8
BBCACBAA,11
BBCACBAB,8
BBCACBAC,10
BBCACBBA,8
BBCACBBB,11
BBCACBBC,9
BBCACBCA,10
BBCACBCB,9
BBCACBCC,11
BBCACCAA,9
BBCACCAB,10
BBCACCAC,8
BBCACCBA,10
BBCACCBB,9
BBCACCBC,11
BBCACCCA,8
BBCACCCB,11
BBCACCCC,9
BBCBAAAA,10
BBCBAAAB,9
BBCBAAAC,11
BBCBAABA,9
BBCBAABB,10
BBCBAABC,8
BBCBAACA,11
BBCBAACB,8
BBCBAACC,10
BBCBABAA,9
BBCBABAB,10
BBCBABAC,8
BBCBABBA,10
BBCBABBB,9
BBCBABBC,11
BBCBABCA,8
BBCBABCB,11
BBCBABCC,9
BBCBACAA,11
BBCBACAB,8
BBCBACAC,10
BBCBACBA,8
BBCBACBB,11
BBCBACBC,9
BBCBACCA,10
BBCBACCB,9
BBCBACCC,11
BBCBBAAA,9
BBCBBAAB,10
BBCBBAAC,8
BBCBBABA,10
BBCBBABB,9
BBCBBABC,11
BBCBBACA,8
BBCBBACB,11
BBCBBACC,9
BBCBBBAA,10
BBCBBBAB,9
BBCBBBAC,11
BBCBBBBA,9
BBCBBBBB,10
BBCBBBBC,8
BBCBBBCA,11
BBCBBBCB,8
BBCBBBCC,10
BBCBBCAA,8
BBCBBCAB,11
BBCBBCAC,9
BBCBBCBA,11
BBCBBCBB,8
BBCBBCBC,10
BBCBBCCA,9
BBCBBCCB,10
BBCBBCCC,8
BBCBCAAA,11
BBCBCAAB,8
BBCBCAAC,10
BBCBCABA,8
BBCBCABB,11
BBCBCABC,9
BBCBCACA,10
BBCBCACB,9
BBCBCACC,11
BBCBCBAA,8
BBCBCBAB,11
BBCBCBAC,9
BBCBCBBA,11
BBCBCBBB,8
BBCBCBBC,10
BBCBCBCA,9
BBCBCBCB,10
BBCBCBCC,8
BBCBCCAA,10
BBCBCCAB,9
BBCBCCAC,11
BBCBCCBA,9
BBCBCCBB,10
BBCBCCBC,8
BBCBCCCA,11
BBCBCCCB,8
BBCBCCCC,10
BBCCAAAA,8
BBCCAAAB,11
BBCCAAAC,9
BBCCAABA,11
BBCCAABB,8
BBCCAABC,10
BBCCAACA,9
BBCCAACB,10
BBCCAACC,8
BBCCABAA,11
BBCCABAB,8
BBCCABAC,10
BBCCABBA,8
BBCCABBB,11
BBCCABBC,9
BBCCABCA,10
BBCCABCB,9
BBCCABCC,11
BBCCACAA,9
BBCCACAB,10
BBCCACAC,8
BBCCACBA,10
BBCCACBB,9
BBCCACBC,11
BBCCACCA,8
BBCCACCB,11
BBCCACCC,9
BBCCBAAA,11
BBCCBAAB,8
BBCCBAAC,10
BBCCBABA,8
BBCCBABB,11
BBCCBABC,9
BBCCBACA,10
BBCCBACB,9
BBCCBACC,11
BBCCBBAA,8
BBCCBBAB,11
BBCCBBAC,9
BBCCBBBA,11
BBCCBBBB,8
BBCCBBBC,10
BBCCBBCA,9
BBCCBBCB,10
BBCCBBCC,8
BBCCBCAA,10
BBCCBCAB,9
BBCCBCAC,11
BBCCBCBA,9
BBCCBCBB,10
BBCCBCBC,8
BBCCBCCA,11
BBCCBCCB,8
BBCCBCCC,10
BBCCCAAA,9
BBCCCAAB,10
BBCCCAAC,8
BBCCCABA,10
BBCCCABB,9
BBCCCABC,11
BBCCCACA,8
BBCCCACB,11
BBCCCACC,9
BBCCCBAA,10
BBCCCBAB,9
BBCCCBAC,11
BBCCCBBA,9
BBCCCBBB,10
BBCCCBBC,8
BBCCCBCA,11
BBCCCBCB,8
BBCCCBCC,10
BBCCCCAA,8
BBCCCCAB,11
BBCCCCAC,9
BBCCCCBA,11
BBCCCCBB,8
BBCCCCBC,10
BBCCCCCA,9
BBCCCCCB,10
BBCCCCCC,8
BCAAAAAA,2
BCAAAAAB,5
BCAAAAAC,3
BCAAAABA,1
BCAAAABB,10
BCAAAABC,0
BCAAAACA,3
BCAAAACB,4
BCAAAACC,2
BCAAABAA,1
BCAAABAB,6
BCAAABAC,0
BCAAABBA,10
BCAAABBB,9
BCAAABBC,11
BCAAABCA,0
BCAAABCB,7
BCAAABCC,1
BCAAACAA,3
BCAAACAB,4
BCAAACAC,2
BCAAACBA,0
BCAAACBB,11
BCAAACBC,1
BCAAACCA,2
BCAAACCB,5
BCAAACCC,3
BCAABAAA,1
BCAABAAB,6
BCAABAAC,0
BCAABABA,2
BCAABABB,9
BCAABABC,3
BCAABACA,0
BCAABACB,7
BCAABACC,1
BCAABBAA,10
BCAABBAB,9
BCAABBAC,11
BCAABBBA,9
BCAABBBB,10
BCAABBBC,8
BCAABBCA,11
BCAABBCB,8
BCAABBCC,10
BCAABCAA,0
BCAABCAB,7
BCAABCAC,1
BCAABCBA,3
BCAABCBB,8
BCAABCBC,2
BCAABCCA,1
BCAABCCB,6
BCAABCCC,0
BCAACAAA,3
BCAACAAB,4
BCAACAAC,2
BCAACABA,0
BCAACABB,11
BCAACABC,1
BCAACACA,2
BCAACACB,5
BCAACACC,3
BCAACBAA,0
BCAACBAB,7
BCAACBAC,1
BCAACBBA,11
BCAACBBB,8
BCAACBBC,10
BCAACBCA,1
BCAACBCB,6
BCAACBCC,0
BCAACCAA,2
BCAACCAB,5
BCAACCAC,3
BCAACCBA,1
BCAACCBB,10
BCAACCBC,0
BCAACCCA,3
BCAACCCB,4
BCAACCCC,2
BCABAAAA,1
BCABAAAB,6
BCABAAAC,0
BCABAABA,2
BCABAABB,9
BCABAABC,3
BCABAACA,0
BCABAACB,7
BCABAACC,1
BCABABAA,2
BCABABAB,5
BCABABAC,3
BCABABBA,9
BCABABBB,10
BCABABBC,8
BCABABCA,3
BCABABCB,4
BCABABCC,2
BCABACAA,0
BCABACAB,7
BCABACAC,1
BCABACBA,3
BCABACBB,8
BCABACBC,2
BCABACCA,1
BCABACCB,6
BCABACCC,0
BCABBAAA,10
BCABBAAB,9
BCABBAAC,11
BCABBABA,9
BCABBABB,10
BCABBABC,8
BCABBACA,11
BCABBACB,8
BCABBACC,10
BCABBBAA,9
BCABBBAB,10
BCABBBAC,8
BCABBBBA,10
BCABBBBB,9
BCABBBBC,11
BCABBBCA,8
BCABBBCB,11
BCABBBCC,9
BCABBCAA,11
BCABBCAB,8
BCABBCAC,10
BCABBCBA,8
BCABBCBB,11
BCABBCBC,9
BCABBCCA,10
BCABBCCB,9
BCABBCCC,11
BCABCAAA,0
BCABCAAB,7
BCABCAAC,1
BCABCABA,3
BCABCABB,8
BCABCABC,2
BCABCACA,1
BCABCACB,6
BCABCACC,0
BCABCBAA,3
BCABCBAB,4
BCABCBAC,2
BCABCBBA,8
BCABCBBB,11
BCABCBBC,9
BCABCBCA,2
BCABCBCB,5
BCABCBCC,3
BCABCCAA,1
BCABCCAB,6
BCABCCAC,0
BCABCCBA,2
BCABCCBB,9
BCABCCBC,3
BCABCCCA,0
BCABCCCB,7
BCABCCCC,1
BCACAAAA,3
BCACAAAB,4
BCACAAAC,2
BCACAABA,0
BCACAABB,11
BCACAABC,1
BCACAACA,2
BCACAACB,5
BCACAACC,3
BCACABAA,0
BCACABAB,7
BCACABAC,1
BCACABBA,11
BCACABBB,8
BCACABBC,10
BCACABCA,1
BCACABCB,6
BCACABCC,0
BCACACAA,2
BCACACAB,5
BCACACAC,3
BCACACBA,1
BCACACBB,10
BCACACBC,0
BCACACCA,3
BCACACCB,4
BCACACCC,2
BCACBAAA,0
BCACBAAB,7
BCACBAAC,1
BCACBABA,3
BCACBABB,8
BCACBABC,2
BCACBACA,1
BCACBACB,6
BCACBACC,0
BCACBBAA,11
BCACBBAB,8
BCACBBAC,10
BCACBBBA,8
BCACBBBB,11
BCACBBBC,9
BCACBBCA,10
BCACBBCB,9
BCACBBCC,11
BCACBCAA,1
BCACBCAB,6
BCACBCAC,0
BCACBCBA,2
BCACBCBB,9
BCACBCBC,3
BCACBCCA,0
BCACBCCB,7
BCACBCCC,1
BCACCAAA,2
BCACCAAB,5
BCACCAAC,3
BCACCABA,1
BCACCABB,10
BCACCABC,0
BCACCACA,3
BCACCACB,4
BCACCACC,2
BCACCBAA,1
BCACCBAB,6
BCACCBAC,0
BCACCBBA,10
BCACCBBB,9
BCACCBBC,11
BCACCBCA,0
BCACCBCB,7
BCACCBCC,1
BCACCCAA,3
BCACCCAB,4
BCACCCAC,2
BCACCCBA,0
BCACCCBB,11
BCACCCBC,1
BCACCCCA,2
BCACCCCB,5
BCACCCCC,3
BCBAAAAA,1
BCBAAAAB,6
BCBAAAAC,0
BCBAAABA,2
BCBAAABB,9
BCBAAABC,3
BCBAAACA,0
BCBAAACB,7
BCBAAACC,1
BCBAABAA,2
BCBAABAB,5
BCBAABAC,3
BCBAABBA,9
BCBAABBB,10
BCBAABBC,8
BCBAABCA,3
BCBAABCB,4
BCBAABCC,2
BCBAACAA,0
BCBAACAB,7
BCBAACAC,1
BCBAACBA,3
BCBAACBB,8
BCBAACBC,2
BCBAACCA,1
BCBAACCB,6
BCBAACCC,0
BCBABAAA,2
BCBABAAB,5
BCBABAAC,3
BCBABABA,1
BCBABABB,10
BCBABABC,0
BCBABACA,3
BCBABACB,4
BCBABACC,2
BCBABBAA,9
BCBABBAB,10
BCBABBAC,8
BCBABBBA,10
BCBABBBB,9
BCBABBBC,11
BCBABBCA,8
BCBABBCB,11
BCBABBCC,9
BCBABCAA,3
BCBABCAB,4
BCBABCAC,2
BCBABCBA,0
BCBABCBB,11
BCBABCBC,1
BCBABCCA,2
BCBABCCB,5
BCBABCCC,3
BCBACAAA,0
BCBACAAB,7
BCBACAAC,1
BCBACABA,3
BCBACABB,8
BCBACABC,2
BCBACACA,1
BCBACACB,6
BCBACACC,0
BCBACBAA,3
BCBACBAB,4
BCBACBAC,2
BCBACBBA,8
BCBACBBB,11
BCBACBBC,9
BCBACBCA,2
BCBACBCB,5
BCBACBCC,3
BCBACCAA,1
BCBACCAB,6
BCBACCAC,0
BCBACCBA,2
BCBACCBB,9
BCBACCBC,3
BCBACCCA,0
BCBACCCB,7
BCBACCCC,1
BCBBAAAA,10
BCBBAAAB,9
BCBBAAAC,11
BCBBAABA,9
BCBBAABB,10
BCBBAABC,8
BCBBAACA,11
BCBBAACB,8
BCBBAACC,10
BCBBABAA,9
BCBBABAB,10
BCBBABAC,8
BCBBABBA,10
BCBBABBB,9
BCBBABBC,11
BCBBABCA,8
BCBBABCB,11
BCBBABCC,9
BCBBACAA,11
BCBBACAB,8
BCBBACAC,10
BCBBACBA,8
BCBBACBB,11
BCBBACBC,9
BCBBACCA,10
BCBBACCB,9
BCBBACCC,11
BCBBBAAA,9
BCBBBAAB,10
BCBBBAAC,8
BCBBBABA,10
BCBBBABB,9
BCBBBABC,11
BCBBBACA,8
BCBBBACB,11
BCBBBACC,9
BCBBBBAA,10
BCBBBBAB,9
BCBBBBAC,11
BCBBBBBA,9
BCBBBBBB,10
BCBBBBBC,8
BCBBBBCA,11
BCBBBBCB,8
BCBBBBCC,10
BCBBBCAA,8
BCBBBCAB,11
BCBBBCAC,9
BCBBBCBA,11
BCBBBCBB,8
BCBBBCBC,10
BCBBBCCA,9
BCBBBCCB,10
BCBBBCCC,8
BCBBCAAA,11
BCBBCAAB,8
BCBBCAAC,10
BCBBCABA,8
BCBBCABB,11
BCBBCABC,9
BCBBCACA,10
BCBBCACB,9
BCBBCACC,11
BCBBCBAA,8
BCBBCBAB,11
BCBBCBAC,9
BCBBCBBA,11
BCBBCBBB,8
BCBBCBBC,10
BCBBCBCA,9
BCBBCBCB,10
BCBBCBCC,8
BCBBCCAA,10
BCBBCCAB,9
BCBBCCAC,11
BCBBCCBA,9
BCBBCCBB,10
BCBBCCBC,8
BCBBCCCA,11
BCBBCCCB,8
BCBBCCCC,10
BCBCAAAA,0
BCBCAAAB,7
BCBCAAAC,1
BCBCAABA,3
BCBCAABB,8
BCBCAABC,2
BCBCAACA,1
BCBCAACB,6
BCBCAACC,0
BCBCABAA,3
BCBCABAB,4
BCBCABAC,2
BCBCABBA,8
BCBCABBB,11
BCBCABBC,9
BCBCABCA,2
BCBCABCB,5
BCBCABCC,3
BCBCACAA,1
BCBCACAB,6
BCBCACAC,0
BCBCACBA,2
BCBCACBB,9
BCBCACBC,3
BCBCACCA,0
BCBCACCB,7
BCBCACCC,1
BCBCBAAA,3
BCBCBAAB,4
BCBCBAAC,2
BCBCBABA,0
BCBCBABB,11
BCBCBABC,1
BCBCBACA,2
BCBCBACB,5
BCBCBACC,3
BCBCBBAA,8
BCBCBBAB,11
BCBCBBAC,9
BCBCBBBA,11
BCBCBBBB,8
BCBCBBBC,10
BCBCBBCA,9
BCBCBBCB,10
BCBCBBCC,8
BCBCBCAA,2
BCBCBCAB,5
BCBCBCAC,3
BCBCBCBA,1
BCBCBCBB,10
BCBCBCBC,0
BCBCBCCA,3
BCBCBCCB,4
BCBCBCCC,2
BCBCCAAA,1
BCBCCAAB,6
BCBCCAAC,0
BCBCCABA,2
BCBCCABB,9
BCBCCABC,3
BCBCCACA,0
BCBCCACB,7
BCBCCACC,1
BCBCCBAA,2
BCBCCBAB,5
BCBCCBAC,3
BCBCCBBA,9
BCBCCBBB,10
BCBCCBBC,8
BCBCCBCA,3
BCBCCBCB,4
BCBCCBCC,2
BCBCCCAA,0
BCBCCCAB,7
BCBCCCAC,1
BCBCCCBA,3
BCBCCCBB,8
BCBCCCBC,2
BCBCCCCA,1
BCBCCCCB,6
BCBCCCCC,0
BCCAAAAA,3
BCCAAAAB,4
BCCAAAAC,2
BCCAAABA,0
BCCAAABB,11
BCCAAABC,1
BCCAAACA,2
BCCAAACB,5
BCCAAACC,3
BCCAABAA,0
BCCAABAB,7
BCCAABAC,1
BCCAABBA,11
BCCAABBB,8
BCCAABBC,10
BCCAABCA,1
BCCAABCB,6
BCCAABCC,0
BCCAACAA,2
BCCAACAB,5
BCCAACAC,3
BCCAACBA,1
BCCAACBB,10
BCCAACBC,0
BCCAACCA,3
BCCAACCB,4
BCCAACCC,2
BCCABAAA,0
BCCABAAB,7
BCCABAAC,1
BCCABABA,3
BCCABABB,8
BCCABABC,2
BCCABACA,1
BCCABACB,6
BCCABACC,0
BCCABBAA,11
BCCABBAB,8
BCCABBAC,10
BCCABBBA,8
BCCABBBB,11
BCCABBBC,9
BCCABBCA,10
BCCABBCB,9
BCCABBCC,11
BCCABCAA,1
BCCABCAB,6
BCCABCAC,0
BCCABCBA,2
BCCABCBB,9
BCCABCBC,3
BCCABCCA,0
BCCABCCB,7
BCCABCCC,1
BCCACAAA,2
BCCACAAB,5
BCCACAAC,3
BCCACABA,1
BCCACABB,10
BCCACABC,0
BCCACACA,3
BCCACACB,4
BCCACACC,2
BCCACBAA,1
BCCACBAB,6
BCCACBAC,0
BCCACBBA,10
BCCACBBB,9
BCCACBBC,11
BCCACBCA,0
BCCACBCB,7
BCCACBCC,1
BCCACCAA,3
BCCACCAB,4
BCCACCAC,2
BCCACCBA,0
BCCACCBB,11
BCCACCBC,1
BCCACCCA,2
BCCACCCB,5
BCCACCCC,3
BCCBAAAA,0
BCCBAAAB,7
BCCBAAAC,1
BCCBAABA,3
BCCBAABB,8
BCCBAABC,2
BCCBAACA,1
BCCBAACB,6
BCCBAACC,0
BCCBABAA,3
BCCBABAB,4
BCCBABAC,2
BCCBABBA,8
BCCBABBB,11
BCCBABBC,9
BCCBABCA,2
BCCBABCB,5
BCCBABCC,3
BCCBACAA,1
BCCBACAB,6
BCCBACAC,0
BCCBACBA,2
BCCBACBB,9
BCCBACBC,3
BCCBACCA,0
BCCBACCB,7
BCCBACCC,1
BCCBBAAA,11
BCCBBAAB,8
BCCBBAAC,10
BCCBBABA,8
BCCBBABB,11
BCCBBABC,9
BCCBBACA,10
BCCBBACB,9
BCCBBACC,11
BCCBBBAA,8
BCCBBBAB,11
BCCBBBAC,9
BCCBBBBA,11
BCCBBBBB,8
BCCBBBBC,10
BCCBBBCA,9
BCCBBBCB,10
BCCBBBCC,8
BCCBBCAA,10
BCCBBCAB,9
BCCBBCAC,11
BCCBBCBA,9
BCCBBCBB,10
BCCBBCBC,8
BCCBBCCA,11
BCCBBCCB,8
BCCBBCCC,10
BCCBCAAA,1
BCCBCAAB,6
BCCBCAAC,0
BCCBCABA,2
BCCBCABB,9
BCCBCABC,3
BCCBCACA,0
BCCBCACB,7
BCCBCACC,1
BCCBCBAA,2
BCCBCBAB,5
BCCBCBAC,3
BCCBCBBA,9
BCCBCBBB,10
BCCBCBBC,8
BCCBCBCA,3
BCCBCBCB,4
BCCBCBCC,2
BCCBCCAA,0
BCCBCCAB,7
BCCBCCAC,1
BCCBCCBA,3
BCCBCCBB,8
BCCBCCBC,2
BCCBCCCA,1
BCCBCCCB,6
BCCBCCCC,0
BCCCAAAA,2
BCCCAAAB,5
BCCCAAAC,3
BCCCAABA,1
BCCCAABB,10
BCCCAABC,0
BCCCAACA,3
BCCCAACB,4
BCCCAACC,2
BCCCABAA,1
BCCCABAB,6
BCCCABAC,0
BCCCABBA,10
BCCCABBB,9
BCCCABBC,11
BCCCABCA,0
BCCCABCB,7
BCCCABCC,1
BCCCACAA,3
BCCCACAB,4
BCCCACAC,2
BCCCACBA,0
BCCCACBB,11
BCCCACBC,1
BCCCACCA,2
BCCCACCB,5
BCCCACCC,3
BCCCBAAA,1
BCCCBAAB,6
BCCCBAAC,0
BCCCBABA,2
BCCCBABB,9
BCCCBABC,3
BCCCBACA,0
BCCCBACB,7
BCCCBACC,1
BCCCBBAA,10
BCCCBBAB,9
BCCCBBAC,11
BCCCBBBA,9
BCCCBBBB,10
BCCCBBBC,8
BCCCBBCA,11
BCCCBBCB,8
BCCCBBCC,10
BCCCBCAA,0
BCCCBCAB,7
BCCCBCAC,1
BCCCBCBA,3
BCCCBCBB,8
BCCCBCBC,2
BCCCBCCA,1
BCCCBCCB,6
BCCCBCCC,0
BCCCCAAA,3
BCCCCAAB,4
BCCCCAAC,2
BCCCCABA,0
BCCCCABB,11
BCCCCABC,1
BCCCCACA,2
BCCCCACB,5
BCCCCACC,3
BCCCCBAA,0
BCCCCBAB,7
BCCCCBAC,1
BCCCCBBA,11
BCCCCBBB,8
BCCCCBBC,10
BCCCCBCA,1
BCCCCBCB,6
BCCCCBCC,0
BCCCCCAA,2
BCCCCCAB,5
BCCCCCAC,3
BCCCCCBA,1
BCCCCCBB,10
BCCCCCBC,0
BCCCCCCA,3
BCCCCCCB,4
BCCCCCCC,2
CAAAAAAA,1
CAAAAAAB,6
CAAAAAAC,0
CAAAAABA,2
CAAAAABB,9
CAAAAABC,3
CAAAAACA,0
CAAAAACB,7
CAAAAACC,1
CAAAABAA,2
CAAAABAB,5
CAAAABAC,3
CAAAABBA,9
CAAAABBB,10
CAAAABBC,8
CAAAABCA,3
CAAAABCB,4
CAAAABCC,2
CAAAACAA,0
CAAAACAB,7
CAAAACAC,1
CAAAACBA,3
CAAAACBB,8
CAAAACBC,2
CAAAACCA,1
CAAAACCB,6
CAAAACCC,0
CAAABAAA,2
CAAABAAB,5
CAAABAAC,3
CAAABABA,1
CAAABABB,10
CAAABABC,0
CAAABACA,3
CAAABACB,4
CAAABACC,2
CAAABBAA,9
CAAABBAB,10
CAAABBAC,8
CAAABBBA,10
CAAABBBB,9
CAAABBBC,11
CAAABBCA,8
CAAABBCB,11
CAAABBCC,9
CAAABCAA,3
CAAABCAB,4
CAAABCAC,2
CAAABCBA,0
CAAABCBB,11
CAAABCBC,1
CAAABCCA,2
CAAABCCB,5
CAAABCCC,3
CAAACAAA,0
CAAACAAB,7
CAAACAAC,1
CAAACABA,3
CAAACABB,8
CAAACABC,2
CAAACACA,1
CAAACACB,6
CAAACACC,0
CAAACBAA,3
CAAACBAB,4
CAAACBAC,2
CAAACBBA,8
CAAACBBB,11
CAAACBBC,9
CAAACBCA,2
CAAACBCB,5
CAAACBCC,3
CAAACCAA,1
CAAACCAB,6
CAAACCAC,0
CAAACCBA,2
CAAACCBB,9
CAAACCBC,3
CAAACCCA,0
CAAACCCB,7
CAAACCCC,1
CAABAAAA,2
CAABAAAB,5
CAABAAAC,3
CAABAABA,1
CAABAABB,10
CAABAABC,0
CAABAACA,3
CAABAACB,4
CAABAACC,2
CAABABAA,1
CAABABAB,6
CAABABAC,0
CAABABBA,10
CAABABBB,9
CAABABBC,11
CAABABCA,0
CAABABCB,7
CAABABCC,1
CAABACAA,3
CAABACAB,4
CAABACAC,2
CAABACBA,0
CAABACBB,11
CAABACBC,1
CAABACCA,2
CAABACCB,5
CAABACCC,3
CAABBAAA,9
CAABBAAB,10
CAABBAAC,8
CAABBABA,10
CAABBABB,9
CAABBABC,11
CAABBACA,8
CAABBACB,11
CAABBACC,9
CAABBBAA,10
CAABBBAB,9
CAABBBAC,11
CAABBBBA,9
CAABBBBB,10
CAABBBBC,8
CAABBBCA,11
CAABBBCB,8
CAABBBCC,10
CAABBCAA,8
CAABBCAB,11
CAABBCAC,9
CAABBCBA,11
CAABBCBB,8
CAABBCBC,10
CAABBCCA,9
CAABBCCB,10
CAABBCCC,8
CAABCAAA,3
CAABCAAB,4
CAABCAAC,2
CAABCABA,0
CAABCABB,11
CAABCABC,1
CAABCACA,2
CAABCACB,5
CAABCACC,3
CAABCBAA,0
CAABCBAB,7
CAABCBAC,1
CAABCBBA,11
CAABCBBB,8
CAABCBBC,10
CAABCBCA,1
CAABCBCB,6
CAABCBCC,0
CAABCCAA,2
CAABCCAB,5
CAABCCAC,3
CAABCCBA,1
CAABCCBB,10
CAABCCBC,0
CAABCCCA,3
CAABCCCB,4
CAABCCCC,2
CAACAAAA,0
CAACAAAB,7
CAACAAAC,1
CAACAABA,3
CAACAABB,8
CAACAABC,2
CAACAACA,1
CAACAACB,6
CAACAACC,0
CAACABAA,3
CAACABAB,4
CAACABAC,2
CAACABBA,8
CAACABBB,11
CAACABBC,9
CAACABCA,2
CAACABCB,5
CAACABCC,3
CAACACAA,1
CAACACAB,6
CAACACAC,0
CAACACBA,2
CAACACBB,9
CAACACBC,3
CAACACCA,0
CAACACCB,7
CAACACCC,1
CAACBAAA,3
CAACBAAB,4
CAACBAAC,2
CAACBABA,0
CAACBABB,11
CAACBABC,1
CAACBACA,2
CAACBACB,5
CAACBACC,3
CAACBBAA,8
CAACBBAB,11
CAACBBAC,9
CAACBBBA,11
CAACBBBB,8
CAACBBBC,10
CAACBBCA,9
CAACBBCB,10
CAACBBCC,8
CAACBCAA,2
CAACBCAB,5
CAACBCAC,3
CAACBCBA,1
CAACBCBB,10
CAACBCBC,0
CAACBCCA,3
CAACBCCB,4
CAACBCCC,2
CAACCAAA,1
CAACCAAB,6
CAACCAAC,0
CAACCABA,2
CAACCABB,9
CAACCABC,3
CAACCACA,0
CAACCACB,7
CAACCACC,1
CAACCBAA,2
CAACCBAB,5
CAACCBAC,3
CAACCBBA,9
CAACCBBB,10
CAACCBBC,8
CAACCBCA,3
CAACCBCB,4
CAACCBCC,2
CAACCCAA,0
CAACCCAB,7
CAACCCAC,1
CAACCCBA,3
CAACCCBB,8
CAACCCBC,2
CAACCCCA,1
CAACCCCB,6
CAACCCCC,0
CABAAAAA,2
CABAAAAB,5
CABAAAAC,3
CABAAABA,1
CABAAABB,10
CABAAABC,0
CABAAACA,3
CABAAACB,4
CABAAACC,2
CABAABAA,1
CABAABAB,6
CABAABAC,0
CABAABBA,10
CABAABBB,9
CABAABBC,11
CABAABCA,0
CABAABCB,7
CABAABCC,1
CABAACAA,3
CABAACAB,4
CABAACAC,2
CABAACBA,0
CABAACBB,11
CABAACBC,1
CABAACCA,2
CABAACCB,5
CABAACCC,3
CABABAAA,1
CABABAAB,6
CABABAAC,0
CABABABA,2
CABABABB,9
CABABABC,3
CABABACA,0
CABABACB,7
CABABACC,1
CABABBAA,10
CABABBAB,9
CABABBAC,11
CABABBBA,9
CABABBBB,10
CABABBBC,8
CABABBCA,11
CABABBCB,8
CABABBCC,10
CABABCAA,0
CABABCAB,7
CABABCAC,1
CABABCBA,3
CABABCBB,8
CABABCBC,2
CABABCCA,1
CABABCCB,6
CABABCCC,0
CABACAAA,3
CABACAAB,4
CABACAAC,2
CABACABA,0
CABACABB,11
CABACABC,1
CABACACA,2
CABACACB,5
CABACACC,3
CABACBAA,0
CABACBAB,7
CABACBAC,1
CABACBBA,11
CABACBBB,8
CABACBBC,10
CABACBCA,1
CABACBCB,6
CABACBCC,0
CABACCAA,2
CABACCAB,5
CABACCAC,3
CABACCBA,1
CABACCBB,10
CABACCBC,0
CABACCCA,3
CABACCCB,4
CABACCCC,2
CABBAAAA,9
CABBAAAB,10
CABBAAAC,8
CABBAABA,10
CABBAABB,9
CABBAABC,11
CABBAACA,8
CABBAACB,11
CABBAACC,9
CABBABAA,10
CABBABAB,9
CABBABAC,11
CABBABBA,9
CABBABBB,10
CABBABBC,8
CABBABCA,11
CABBABCB,8
CABBABCC,10
CABBACAA,8
CABBACAB,11
CABBACAC,9
CABBACBA,11
CABBACBB,8
CABBACBC,10
CABBACCA,9
CABBACCB,10
CABBACCC,8
CABBBAAA,10
CABBBAAB,9
CABBBAAC,11
CABBBABA,9
CABBBABB,10
CABBBABC,8
CABBBACA,11
CABBBACB,8
CABBBACC,10
CABBBBAA,9
CABBBBAB,10
CABBBBAC,8
CABBBBBA,10
CABBBBBB,9
CABBBBBC,11
CABBBBCA,8
CABBBBCB,11
CABBBBCC,9
CABBBCAA,11
CABBBCAB,8
CABBBCAC,10
CABBBCBA,8
CABBBCBB,11
CABBBCBC,9
CABBBCCA,10
CABBBCCB,9
CABBBCCC,11
CABBCAAA,8
CABBCAAB,11
CABBCAAC,9
CABBCABA,11
CABBCABB,8
CABBCABC,10
CABBCACA,9
CABBCACB,10
CABBCACC,8
CABBCBAA,11
CABBCBAB,8
CABBCBAC,10
CABBCBBA,8
CABBCBBB,11
CABBCBBC,9
CABBCBCA,10
CABBCBCB,9
CABBCBCC,11
CABBCCAA,9
CABBCCAB,10
CABBCCAC,8
CABBCCBA,10
CABBCCBB,9
CABBCCBC,11
CABBCCCA,8
CABBCCCB,11
CABBCCCC,9
CABCAAAA,3
CABCAAAB,4
CABCAAAC,2
CABCAABA,0
CABCAABB,11
CABCAABC,1
CABCAACA,2
CABCAACB,5
CABCAACC,3
CABCABAA,0
CABCABAB,7
CABCABAC,1
CABCABBA,11
CABCABBB,8
CABCABBC,10
CABCABCA,1
CABCABCB,6
CABCABCC,0
CABCACAA,2
CABCACAB,5
CABCACAC,3
CABCACBA,1
CABCACBB,10
CABCACBC,0
CABCACCA,3
CABCACCB,4
CABCACCC,2
CABCBAAA,0
CABCBAAB,7
CABCBAAC,1
CABCBABA,3
CABCBABB,8
CABCBABC,2
CABCBACA,1
CABCBACB,6
CABCBACC,0
CABCBBAA,11
CABCBBAB,8
CABCBBAC,10
CABCBBBA,8
CABCBBBB,11
CABCBBBC,9
CABCBBCA,10
CABCBBCB,9
CABCBBCC,11
CABCBCAA,1
CABCBCAB,6
CABCBCAC,0
CABCBCBA,2
CABCBCBB,9
CABCBCBC,3
CABCBCCA,0
CABCBCCB,7
CABCBCCC,1
CABCCAAA,2
CABCCAAB,5
CABCCAAC,3
CABCCABA,1
CABCCABB,10
CABCCABC,0
CABCCACA,3
CABCCACB,4
CABCCACC,2
CABCCBAA,1
CABCCBAB,6
CABCCBAC,0
CABCCBBA,10
CABCCBBB,9
CABCCBBC,11
CABCCBCA,0
CABCCBCB,7
CABCCBCC,1
CABCCCAA,3
CABCCCAB,4
CABCCCAC,2
CABCCCBA,0
CABCCCBB,11
CABCCCBC,1
CABCCCCA,2
CABCCCCB,5
CABCCCCC,3
CACAAAAA,0
CACAAAAB,7
CACAAAAC,1
CACAAABA,3
CACAAABB,8
CACAAABC,2
CACAAACA,1
CACAAACB,6
CACAAACC,0
CACAABAA,3
CACAABAB,4
CACAABAC,2
CACAABBA,8
CACAABBB,11
CACAABBC,9
CACAABCA,2
CACAABCB,5
CACAABCC,3
CACAACAA,1
CACAACAB,6
CACAACAC,0
CACAACBA,2
CACAACBB,9
CACAACBC,3
CACAACCA,0
CACAACCB,7
CACAACCC,1
CACABAAA,3
CACABAAB,4
CACABAAC,2
CACABABA,0
CACABABB,11
CACABABC,1
CACABACA,2
CACABACB,5
CACABACC,3
CACABBAA,8
CACABBAB,11
CACABBAC,9
CACABBBA,11
CACABBBB,8
CACABBBC,10
CACABBCA,9
CACABBCB,10
CACABBCC,8
CACABCAA,2
CACABCAB,5
CACABCAC,3
CACABCBA,1
CACABCBB,10
CACABCBC,0
CACABCCA,3
CACABCCB,4
CACABCCC,2
CACACAAA,1
CACACAAB,6
CACACAAC,0
CACACABA,2
CACACABB,9
CACACABC,3
CACACACA,0
CACACACB,7
CACACACC,1
CACACBAA,2
CACACBAB,5
CACACBAC,3
CACACBBA,9
CACACBBB,10
CACACBBC,8
CACACBCA,3
CACACBCB,4
CACACBCC,2
CACACCAA,0
CACACCAB,7
CACACCAC,1
CACACCBA,3
CACACCBB,8
CACACCBC,2
CACACCCA,1
CACACCCB,6
CACACCCC,0
CACBAAAA,3
CACBAAAB,4
CACBAAAC,2
CACBAABA,0
CACBAABB,11
CACBAABC,1
CACBAACA,2
CACBAACB,5
CACBAACC,3
CACBABAA,0
CACBABAB,7
CACBABAC,1
CACBABBA,11
CACBABBB,8
CACBABBC,10
CACBABCA,1
CACBABCB,6
CACBABCC,0
CACBACAA,2
CACBACAB,5
CACBACAC,3
CACBACBA,1
CACBACBB,10
CACBACBC,0
CACBACCA,3
CACBACCB,4
CACBACCC,2
CACBBAAA,8
CACBBAAB,11
CACBBAAC,9
CACBBABA,11
CACBBABB,8
CACBBABC,10
CACBBACA,9
CACBBACB,10
CACBBACC,8
CACBBBAA,11
CACBBBAB,8
CACBBBAC,10
CACBBBBA,8
CACBBBBB,11
CACBBBBC,9
CACBBBCA,10
CACBBBCB,9
CACBBBCC,11
CACBBCAA,9
CACBBCAB,10
CACBBCAC,8
CACBBCBA,10
CACBBCBB,9
CACBBCBC,11
CACBBCCA,8
CACBBCCB,11
CACBBCCC,9
CACBCAAA,2
CACBCAAB,5
CACBCAAC,3
CACBCABA,1
CACBCABB,10
CACBCABC,0
CACBCACA,3
CACBCACB,4
CACBCACC,2
CACBCBAA,1
CACBCBAB,6
CACBCBAC,0
CACBCBBA,10
CACBCBBB,9
CACBCBBC,11
CACBCBCA,0
CACBCBCB,7
CACBCBCC,1
CACBCCAA,3
CACBCCAB,4
CACBCCAC,2
CACBCCBA,0
CACBCCBB,11
CACBCCBC,1
CACBCCCA,2
CACBCCCB,5
CACBCCCC,3
CACCAAAA,1
CACCAAAB,6
CACCAAAC,0
CACCAABA,2
CACCAABB,9
CACCAABC,3
CACCAACA,0
CACCAACB,7
CACCAACC,1
CACCABAA,2
CACCABAB,5
CACCABAC,3
CACCABBA,9
CACCABBB,10
CACCABBC,8
CACCABCA,3
CACCABCB,4
CACCABCC,2
CACCACAA,0
CACCACAB,7
CACCACAC,1
CACCACBA,3
CACCACBB,8
CACCACBC,2
CACCACCA,1
CACCACCB,6
CACCACCC,0
CACCBAAA,2
CACCBAAB,5
CACCBAAC,3
CACCBABA,1
CACCBABB,10
CACCBABC,0
CACCBACA,3
CACCBACB,4
CACCBACC,2
CACCBBAA,9
CACCBBAB,10
CACCBBAC,8
CACCBBBA,10
CACCBBBB,9
CACCBBBC,11
CACCBBCA,8
CACCBBCB,11
CACCBBCC,9
CACCBCAA,3
CACCBCAB,4
CACCBCAC,2
CACCBCBA,0
CACCBCBB,11
CACCBCBC,1
CACCBCCA,2
CACCBCCB,5
CACCBCCC,3
CACCCAAA,0
CACCCAAB,7
CACCCAAC,1
CACCCABA,3
CACCCABB,8
CACCCABC,2
CACCCACA,1
CACCCACB,6
CACCCACC,0
CACCCBAA,3
CACCCBAB,4
CACCCBAC,2
CACCCBBA,8
CACCCBBB,11
CACCCBBC,9
CACCCBCA,2
CACCCBCB,5
CACCCBCC,3
CACCCCAA,1
CACCCCAB,6
CACCCCAC,0
CACCCCBA,2
CACCCCBB,9
CACCCCBC,3
CACCCCCA,0
CACCCCCB,7
CACCCCCC,1
CBAAAAAA,2
CBAAAAAB,5
CBAAAAAC,3
CBAAAABA,1
CBAAAABB,10
CBAAAABC,0
CBAAAACA,3
CBAAAACB,4
CBAAAACC,2
CBAAABAA,1
CBAAABAB,6
CBAAABAC,0
CBAAABBA,10
CBAAABBB,9
CBAAABBC,11
CBAAABCA,0
CBAAABCB,7
CBAAABCC,1
CBAAACAA,3
CBAAACAB,4
CBAAACAC,2
CBAAACBA,0
CBAAACBB,11
CBAAACBC,1
CBAAACCA,2
CBAAACCB,5
CBAAACCC,3
CBAABAAA,1
CBAABAAB,6
CBAABAAC,0
CBAABABA,2
CBAABABB,9
CBAABABC,3
CBAABACA,0
CBAABACB,7
CBAABACC,1
CBAABBAA,10
CBAABBAB,9
CBAABBAC,11
CBAABBBA,9
CBAABBBB,10
CBAABBBC,8
CBAABBCA,11
CBAABBCB,8
CBAABBCC,10
CBAABCAA,0
CBAABCAB,7
CBAABCAC,1
CBAABCBA,3
CBAABCBB,8
CBAABCBC,2
CBAABCCA,1
CBAABCCB,6
CBAABCCC,0
CBAACAAA,3
CBAACAAB,4
CBAACAAC,2
CBAACABA,0
CBAACABB,11
CBAACABC,1
CBAACACA,2
CBAACACB,5
CBAACACC,3
CBAACBAA,0
CBAACBAB,7
CBAACBAC,1
CBAACBBA,11
CBAACBBB,8
CBAACBBC,10
CBAACBCA,1
CBAACBCB,6
CBAACBCC,0
CBAACCAA,2
CBAACCAB,5
CBAACCAC,3
CBAACCBA,1
CBAACCBB,10
CBAACCBC,0
CBAACCCA,3
CBAACCCB,4
CBAACCCC,2
CBABAAAA,1
CBABAAAB,6
CBABAAAC,0
CBABAABA,2
CBABAABB,9
CBABAABC,3
CBABAACA,0
CBABAACB,7
CBABAACC,1
CBABABAA,2
CBABABAB,5
CBABABAC,3
CBABABBA,9
CBABABBB,10
CBABABBC,8
CBABABCA,3
CBABABCB,4
CBABABCC,2
CBABACAA,0
CBABACAB,7
CBABACAC,1
CBABACBA,3
CBABACBB,8
CBABACBC,2
CBABACCA,1
CBABACCB,6
CBABACCC,0
CBABBAAA,10
CBABBAAB,9
CBABBAAC,11
CBABBABA,9
CBABBABB,10
CBABBABC,8
CBABBACA,11
CBABBACB,8
CBABBACC,10
CBABBBAA,9
CBABBBAB,10
CBABBBAC,8
CBABBBBA,10
CBABBBBB,9
CBABBBBC,11
CBABBBCA,8
CBABBBCB,11
CBABBBCC,9
CBABBCAA,11
CBABBCAB,8
CBABBCAC,10
CBABBCBA,8
CBABBCBB,11
CBABBCBC,9
CBABBCCA,10
CBABBCCB,9
CBABBCCC,11
CBABCAAA,0
CBABCAAB,7
CBABCAAC,1
CBABCABA,3
CBABCABB,8
CBABCABC,2
CBABCACA,1
CBABCACB,6
CBABCACC,0
CBABCBAA,3
CBABCBAB,4
CBABCBAC,2
CBABCBBA,8
CBABCBBB,11
CBABCBBC,9
CBABCBCA,2
CBABCBCB,5
CBABCBCC,3
CBABCCAA,1
CBABCCAB,6
CBABCCAC,0
CBABCCBA,2
CBABCCBB,9
CBABCCBC,3
CBABCCCA,0
CBABCCCB,7
CBABCCCC,1
CBACAAAA,3
CBACAAAB,4
CBACAAAC,2
CBACAABA,0
CBACAABB,11
CBACAABC,1
CBACAACA,2
CBACAACB,5
CBACAACC,3
CBACABAA,0
CBACABAB,7
CBACABAC,1
CBACABBA,11
CBACABBB,8
CBACABBC,10
CBACABCA,1
CBACABCB,6
CBACABCC,0
CBACACAA,2
CBACACAB,5
CBACACAC,3
CBACACBA,1
CBACACBB,10
CBACACBC,0
CBACACCA,3
CBACACCB,4
CBACACCC,2
CBACBAAA,0
CBACBAAB,7
CBACBAAC,1
CBACBABA,3
CBACBABB,8
CBACBABC,2
CBACBACA,1
CBACBACB,6
CBACBACC,0
CBACBBAA,11
CBACBBAB,8
CBACBBAC,10
CBACBBBA,8
CBACBBBB,11
CBACBBBC,9
CBACBBCA,10
CBACBBCB,9
CBACBBCC,11
CBACBCAA,1
CBACBCAB,6
CBACBCAC,0
CBACBCBA,2
CBACBCBB,9
CBACBCBC,3
CBACBCCA,0
CBACBCCB,7
CBACBCCC,1
CBACCAAA,2
CBACCAAB,5
CBACCAAC,3
CBACCABA,1
CBACCABB,10
CBACCABC,0
CBACCACA,3
CBACCACB,4
CBACCACC,2
CBACCBAA,1
CBACCBAB,6
CBACCBAC,0
CBACCBBA,10
CBACCBBB,9
CBACCBBC,11
CBACCBCA,0
CBACCBCB,7
CBACCBCC,1
CBACCCAA,3
CBACCCAB,4
CBACCCAC,2
CBACCCBA,0
CBACCCBB,11
CBACCCBC,1
CBACCCCA,2
CBACCCCB,5
CBACCCCC,3
CBBAAAAA,9
CBBAAAAB,10
CBBAAAAC,8
CBBAAABA,10
CBBAAABB,9
CBBAAABC,11
CBBAAACA,8
CBBAAACB,11
CBBAAACC,9
CBBAABAA,10
CBBAABAB,9
CBBAABAC,11
CBBAABBA,9
CBBAABBB,10
CBBAABBC,8
CBBAABCA,11
CBBAABCB,8
CBBAABCC,10
CBBAACAA,8
CBBAACAB,11
CBBAACAC,9
CBBAACBA,11
CBBAACBB,8
CBBAACBC,10
CBBAACCA,9
CBBAACCB,10
CBBAACCC,8
CBBABAAA,10
CBBABAAB,9
CBBABAAC,11
CBBABABA,9
CBBABABB,10
CBBABABC,8
CBBABACA,11
CBBABACB,8
CBBABACC,10
CBBABBAA,9
CBBABBAB,10
CBBABBAC,8
CBBABBBA,10
CBBABBBB,9
CBBABBBC,11
CBBABBCA,8
CBBABBCB,11
CBBABBCC,9
CBBABCAA,11
CBBABCAB,8
CBBABCAC,10
CBBABCBA,8
CBBABCBB,11
CBBABCBC,9
CBBABCCA,10
CBBABCCB,9
CBBABCCC,11
CBBACAAA,8
CBBACAAB,11
CBBACAAC,9
CBBACABA,11
CBBACABB,8
CBBACABC,10
CBBACACA,9
CBBACACB,10
CBBACACC,8
CBBACBAA,11
CBBACBAB,8
CBBACBAC,10
CBBACBBA,8
CBBACBBB,11
CBBACBBC,9
CBBACBCA,10
CBBACBCB,9
CBBACBCC,11
CBBACCAA,9
CBBACCAB,10
CBBACCAC,8
CBBACCBA,10
CBBACCBB,9
CBBACCBC,11
CBBACCCA,8
CBBACCCB,11
CBBACCCC,9
CBBBAAAA,10
CBBBAAAB,9
CBBBAAAC,11
CBBBAABA,9
CBBBAABB,10
CBBBAABC,8
CBBBAACA,11
CBBBAACB,8
CBBBAACC,10
CBBBABAA,9
CBBBABAB,10
CBBBABAC,8
CBBBABBA,10
CBBBABBB,9
CBBBABBC,11
CBBBABCA,8
CBBBABCB,11
CBBBABCC,9
CBBBACAA,11
CBBBACAB,8
CBBBACAC,10
CBBBACBA,8
CBBBACBB,11
CBBBACBC,9
CBBBACCA,10
CBBBACCB,9
CBBBACCC,11
CBBBBAAA,9
CBBBBAAB,10
CBBBBAAC,8
CBBBBABA,10
CBBBBABB,9
CBBBBABC,11
CBBBBACA,8
CBBBBACB,11
CBBBBACC,9
CBBBBBAA,10
CBBBBBAB,9
CBBBBBAC,11
CBBBBBBA,9
CBBBBBBB,10
CBBBBBBC,8
CBBBBBCA,11
CBBBBBCB,8
CBBBBBCC,10
CBBBBCAA,8
CBBBBCAB,11
CBBBBCAC,9
CBBBBCBA,11
CBBBBCBB,8
CBBBBCBC,10
CBBBBCCA,9
CBBBBCCB,10
CBBBBCCC,8
CBBBCAAA,11
CBBBCAAB,8
CBBBCAAC,10
CBBBCABA,8
CBBBCABB,11
CBBBCABC,9
CBBBCACA,10
CBBBCACB,9
CBBBCACC,11
CBBBCBAA,8
CBBBCBAB,11
CBBBCBAC,9
CBBBCBBA,11
CBBBCBBB,8
CBBBCBBC,10
CBBBCBCA,9
CBBBCBCB,10
CBBBCBCC,8
CBBBCCAA,10
CBBBCCAB,9
CBBBCCAC,11
CBBBCCBA,9
CBBBCCBB,10
CBBBCCBC,8
CBBBCCCA,11
CBBBCCCB,8
CBBBCCCC,10
CBBCAAAA,8
CBBCAAAB,11
CBBCAAAC,9
CBBCAABA,11
CBBCAABB,8
CBBCAABC,10
CBBCAACA,9
CBBCAACB,10
CBBCAACC,8
CBBCABAA,11
CBBCABAB,8
CBBCABAC,10
CBBCABBA,8
CBBCABBB,11
CBBCABBC,9
CBBCABCA,10
CBBCABCB,9
CBBCABCC,11
CBBCACAA,9
CBBCACAB,10
CBBCACAC,8
CBBCACBA,10
CBBCACBB,9
CBBCACBC,11
CBBCACCA,8
CBBCACCB,11
CBBCACCC,9
CBBCBAAA,11
CBBCBAAB,8
CBBCBAAC,10
CBBCBABA,8
CBBCBABB,11
CBBCBABC,9
CBBCBACA,10
CBBCBACB,9
CBBCBACC,11
CBBCBBAA,8
CBBCBBAB,11
CBBCBBAC,9
CBBCBBBA,11
CBBCBBBB,8
CBBCBBBC,10
CBBCBBCA,9
CBBCBBCB,10
CBBCBBCC,8
CBBCBCAA,10
CBBCBCAB,9
CBBCBCAC,11
CBBCBCBA,9
CBBCBCBB,10
CBBCBCBC,8
CBBCBCCA,11
CBBCBCCB,8
CBBCBCCC,10
CBBCCAAA,9
CBBCCAAB,10
CBBCCAAC,8
CBBCCABA,10
CBBCCABB,9
CBBCCABC,11
CBBCCACA,8
CBBCCACB,11
CBBCCACC,9
CBBCCBAA,10
CBBCCBAB,9
CBBCCBAC,11
CBBCCBBA,9
CBBCCBBB,10
CBBCCBBC,8
CBBCCBCA,11
CBBCCBCB,8
CBBCCBCC,10
CBBCCCAA,8
CBBCCCAB,11
CBBCCCAC,9
CBBCCCBA,11
CBBCCCBB,8
CBBCCCBC,10
CBBCCCCA,9
CBBCCCCB,10
CBBCCCCC,8
CBCAAAAA,3
CBCAAAAB,4
CBCAAAAC,2
CBCAAABA,0
CBCAAABB,11
CBCAAABC,1
CBCAAACA,2
CBCAAACB,5
CBCAAACC,3
CBCAABAA,0
CBCAABAB,7
CBCAABAC,1
CBCAABBA,11
CBCAABBB,8
CBCAABBC,10
CBCAABCA,1
CBCAABCB,6
CBCAABCC,0
CBCAACAA,2
CBCAACAB,5
CBCAACAC,3
CBCAACBA,1
CBCAACBB,10
CBCAACBC,0
CBCAACCA,3
CBCAACCB,4
CBCAACCC,2
CBCABAAA,0
CBCABAAB,7
CBCABAAC,1
CBCABABA,3
CBCABABB,8
CBCABABC,2
CBCABACA,1
CBCABACB,6
CBCABACC,0
CBCABBAA,11
CBCABBAB,8
CBCABBAC,10
CBCABBBA,8
CBCABBBB,11
CBCABBBC,9
CBCABBCA,10
CBCABBCB,9
CBCABBCC,11
CBCABCAA,1
CBCABCAB,6
CBCABCAC,0
CBCABCBA,2
CBCABCBB,9
CBCABCBC,3
CBCABCCA,0
CBCABCCB,7
CBCABCCC,1
CBCACAAA,2
CBCACAAB,5
CBCACAAC,3
CBCACABA,1
CBCACABB,10
CBCACABC,0
CBCACACA,3
CBCACACB,4
CBCACACC,2
CBCACBAA,1
CBCACBAB,6
CBCACBAC,0
CBCACBBA,10
CBCACBBB,9
CBCACBBC,11
CBCACBCA,0
CBCACBCB,7
CBCACBCC,1
CBCACCAA,3
CBCACCAB,4
CBCACCAC,2
CBCACCBA,0
CBCACCBB,11
CBCACCBC,1
CBCACCCA,2
CBCACCCB,5
CBCACCCC,3
CBCBAAAA,0
CBCBAAAB,7
CBCBAAAC,1
CBCBAABA,3
CBCBAABB,8
CBCBAABC,2
CBCBAACA,1
CBCBAACB,6
CBCBAACC,0
CBCBABAA,3
CBCBABAB,4
CBCBABAC,2
CBCBABBA,8
CBCBABBB,11
CBCBABBC,9
CBCBABCA,2
CBCBABCB,5
CBCBABCC,3
CBCBACAA,1
CBCBACAB,6
CBCBACAC,0
CBCBACBA,2
CBCBACBB,9
CBCBACBC,3
CBCBACCA,0
CBCBACCB,7
CBCBACCC,1
CBCBBAAA,11
CBCBBAAB,8
CBCBBAAC,10
CBCBBABA,8
CBCBBABB,11
CBCBBABC,9
CBCBBACA,10
CBCBBACB,9
CBCBBACC,11
CBCBBBAA,8
CBCBBBAB,11
CBCBBBAC,9
CBCBBBBA,11
CBCBBBBB,8
CBCBBBBC,10
CBCBBBCA,9
CBCBBBCB,10
CBCBBBCC,8
CBCBBCAA,10
CBCBBCAB,9
CBCBBCAC,11
CBCBBCBA,9
CBCBBCBB,10
CBCBBCBC,8
CBCBBCCA,11
CBCBBCCB,8
CBCBBCCC,10
CBCBCAAA,1
CBCBCAAB,6
CBCBCAAC,0
CBCBCABA,2
CBCBCABB,9
CBCBCABC,3
CBCBCACA,0
CBCBCACB,7
CBCBCACC,1
CBCBCBAA,2
CBCBCBAB,5
CBCBCBAC,3
CBCBCBBA,9
CBCBCBBB,10
CBCBCBBC,8
CBCBCBCA,3
CBCBCBCB,4
CBCBCBCC,2
CBCBCCAA,0
CBCBCCAB,7
CBCBCCAC,1
CBCBCCBA,3
CBCBCCBB,8
CBCBCCBC,2
CBCBCCCA,1
CBCBCCCB,6
CBCBCCCC,0
CBCCAAAA,2
CBCCAAAB,5
CBCCAAAC,3
CBCCAABA,1
CBCCAABB,10
CBCCAABC,0
CBCCAACA,3
CBCCAACB,4
CBCCAACC,2
CBCCABAA,1
CBCCABAB,6
CBCCABAC,0
CBCCABBA,10
CBCCABBB,9
CBCCABBC,11
CBCCABCA,0
CBCCABCB,7
CBCCABCC,1
CBCCACAA,3
CBCCACAB,4
CBCCACAC,2
CBCCACBA,0
CBCCACBB,11
CBCCACBC,1
CBCCACCA,2
CBCCACCB,5
CBCCACCC,3
CBCCBAAA,1
CBCCBAAB,6
CBCCBAAC,0
CBCCBABA,2
CBCCBABB,9
CBCCBABC,3
CBCCBACA,0
CBCCBACB,7
CBCCBACC,1
CBCCBBAA,10
CBCCBBAB,9
CBCCBBAC,11
CBCCBBBA,9
CBCCBBBB,10
CBCCBBBC,8
CBCCBBCA,11
CBCCBBCB,8
CBCCBBCC,10
CBCCBCAA,0
CBCCBCAB,7
CBCCBCAC,1
CBCCBCBA,3
CBCCBCBB,8
CBCCBCBC,2
CBCCBCCA,1
CBCCBCCB,6
CBCCBCCC,0
CBCCCAAA,3
CBCCCAAB,4
CBCCCAAC,2
CBCCCABA,0
CBCCCABB,11
CBCCCABC,1
CBCCCACA,2
CBCCCACB,5
CBCCCACC,3
CBCCCBAA,0
CBCCCBAB,7
CBCCCBAC,1
CBCCCBBA,11
CBCCCBBB,8
CBCCCBBC,10
CBCCCBCA,1
CBCCCBCB,6
CBCCCBCC,0
CBCCCCAA,2
CBCCCCAB,5
CBCCCCAC,3
CBCCCCBA,1
CBCCCCBB,10
CBCCCCBC,0
CBCCCCCA,3
CBCCCCCB,4
CBCCCCCC,2
CCAAAAAA,0
CCAAAAAB,7
CCAAAAAC,1
CCAAAABA,3
CCAAAABB,8
CCAAAABC,2
CCAAAACA,1
CCAAAACB,6
CCAAAACC,0
CCAAABAA,3
CCAAABAB,4
CCAAABAC,2
CCAAABBA,8
CCAAABBB,11
CCAAABBC,9
CCAAABCA,2
CCAAABCB,5
CCAAABCC,3
CCAAACAA,1
CCAAACAB,6
CCAAACAC,0
CCAAACBA,2
CCAAACBB,9
CCAAACBC,3
CCAAACCA,0
CCAAACCB,7
CCAAACCC,1
CCAABAAA,3
CCAABAAB,4
CCAABAAC,2
CCAABABA,0
CCAABABB,11
CCAABABC,1
CCAABACA,2
CCAABACB,5
CCAABACC,3
CCAABBAA,8
CCAABBAB,11
CCAABBAC,9
CCAABBBA,11
CCAABBBB,8
CCAABBBC,10
CCAABBCA,9
CCAABBCB,10
CCAABBCC,8
CCAABCAA,2
CCAABCAB,5
CCAABCAC,3
CCAABCBA,1
CCAABCBB,10
CCAABCBC,0
CCAABCCA,3
CCAABCCB,4
CCAABCCC,2
CCAACAAA,1
CCAACAAB,6
CCAACAAC,0
CCAACABA,2
CCAACABB,9
CCAACABC,3
CCAACACA,0
CCAACACB,7
CCAACACC,1
CCAACBAA,2
CCAACBAB,5
CCAACBAC,3
CCAACBBA,9
CCAACBBB,10
CCAACBBC,8
CCAACBCA,3
CCAACBCB,4
CCAACBCC,2
CCAACCAA,0
CCAACCAB,7
CCAACCAC,1
CCAACCBA,3
CCAACCBB,8
CCAACCBC,2
CCAACCCA,1
CCAACCCB,6
CCAACCCC,0
CCABAAAA,3
CCABAAAB,4
CCABAAAC,2
CCABAABA,0
CCABAABB,11
CCABAABC,1
CCABAACA,2
CCABAACB,5
CCABAACC,3
CCABABAA,0
CCABABAB,7
CCABABAC,1
CCABABBA,11
CCABABBB,8
CCABABBC,10
CCABABCA,1
CCABABCB,6
CCABABCC,0
CCABACAA,2
CCABACAB,5
CCABACAC,3
CCABACBA,1
CCABACBB,10
CCABACBC,0
CCABACCA,3
CCABACCB,4
CCABACCC,2
CCABBAAA,8
CCABBAAB,11
CCABBAAC,9
CCABBABA,11
CCABBABB,8
CCABBABC,10
CCABBACA,9
CCABBACB,10
CCABBACC,8
CCABBBAA,11
CCABBBAB,8
CCABBBAC,10
CCABBBBA,8
CCABBBBB,11
CCABBBBC,9
CCABBBCA,10
CCABBBCB,9
CCABBBCC,11
CCABBCAA,9
CCABBCAB,10
CCABBCAC,8
CCABBCBA,10
CCABBCBB,9
CCABBCBC,11
CCABBCCA,8
CCABBCCB,11
CCABBCCC,9
CCABCAAA,2
CCABCAAB,5
CCABCAAC,3
CCABCABA,1
CCABCABB,10
CCABCABC,0
CCABCACA,3
CCABCACB,4
CCABCACC,2
CCABCBAA,1
CCABCBAB,6
CCABCBAC,0
CCABCBBA,10
CCABCBBB,9
CCABCBBC,11
CCABCBCA,0
CCABCBCB,7
CCABCBCC,1
CCABCCAA,3
CCABCCAB,4
CCABCCAC,2
CCABCCBA,0
CCABCCBB,11
CCABCCBC,1
CCABCCCA,2
CCABCCCB,5
CCABCCCC,3
CCACAAAA,1
CCACAAAB,6
CCACAAAC,0
CCACAABA,2
CCACAABB,9
CCACAABC,3
CCACAACA,0
CCACAACB,7
CCACAACC,1
CCACABAA,2
CCACABAB,5
CCACABAC,3
CCACABBA,9
CCACABBB,10
CCACABBC,8
CCACABCA,3
CCACABCB,4
CCACABCC,2
CCACACAA,0
CCACACAB,7
CCACACAC,1
CCACACBA,3
CCACACBB,8
CCACACBC,2
CCACACCA,1
CCACACCB,6
CCACACCC,0
CCACBAAA,2
CCACBAAB,5
CCACBAAC,3
CCACBABA,1
CCACBABB,10
CCACBABC,0
CCACBACA,3
CCACBACB,4
CCACBACC,2
CCACBBAA,9
CCACBBAB,10
CCACBBAC,8
CCACBBBA,10
CCACBBBB,9
CCACBBBC,11
CCACBBCA,8
CCACBBCB,11
CCACBBCC,9
CCACBCAA,3
CCACBCAB,4
CCACBCAC,2
CCACBCBA,0
CCACBCBB,11
CCACBCBC,1
CCACBCCA,2
CCACBCCB,5
CCACBCCC,3
CCACCAAA,0
CCACCAAB,7
CCACCAAC,1
CCACCABA,3
CCACCABB,8
CCACCABC,2
CCACCACA,1
CCACCACB,6
CCACCACC,0
CCACCBAA,3
CCACCBAB,4
CCACCBAC,2
CCACCBBA,8
CCACCBBB,11
CCACCBBC,9
CCACCBCA,2
CCACCBCB,5
CCACCBCC,3
CCACCCAA,1
CCACCCAB,6
CCACCCAC,0
CCACCCBA,2
CCACCCBB,9
CCACCCBC,3
CCACCCCA,0
CCACCCCB,7
CCACCCCC,1
CCBAAAAA,3
CCBAAAAB,4
CCBAAAAC,2
CCBAAABA,0
CCBAAABB,11
CCBAAABC,1
CCBAAACA,2
CCBAAACB,5
CCBAAACC,3
CCBAABAA,0
CCBAABAB,7
CCBAABAC,1
CCBAABBA,11
CCBAABBB,8
CCBAABBC,10
CCBAABCA,1
CCBAABCB,6
CCBAABCC,0
CCBAACAA,2
CCBAACAB,5
CCBAACAC,3
CCBAACBA,1
CCBAACBB,10
CCBAACBC,0
CCBAACCA,3
CCBAACCB,4
CCBAACCC,2
CCBABAAA,0
CCBABAAB,7
CCBABAAC,1
CCBABABA,3
CCBABABB,8
CCBABABC,2
CCBABACA,1
CCBABACB,6
CCBABACC,0
CCBABBAA,11
CCBABBAB,8
CCBABBAC,10
CCBABBBA,8
CCBABBBB,11
CCBABBBC,9
CCBABBCA,10
CCBABBCB,9
CCBABBCC,11
CCBABCAA,1
CCBABCAB,6
CCBABCAC,0
CCBABCBA,2
CCBABCBB,9
CCBABCBC,3
CCBABCCA,0
CCBABCCB,7
CCBABCCC,1
CCBACAAA,2
CCBACAAB,5
CCBACAAC,3
CCBACABA,1
CCBACABB,10
CCBACABC,0
CCBACACA,3
CCBACACB,4
CCBACACC,2
CCBACBAA,1
CCBACBAB,6
CCBACBAC,0
CCBACBBA,10
CCBACBBB,9
CCBACBBC,11
CCBACBCA,0
CCBACBCB,7
CCBACBCC,1
CCBACCAA,3
CCBACCAB,4
CCBACCAC,2
CCBACCBA,0
CCBACCBB,11
CCBACCBC,1
CCBACCCA,2
CCBACCCB,5
CCBACCCC,3
CCBBAAAA,8
CCBBAAAB,11
CCBBAAAC,9
CCBBAABA,11
CCBBAABB,8
CCBBAABC,10
CCBBAACA,9
CCBBAACB,10
CCBBAACC,8
CCBBABAA,11
CCBBABAB,8
CCBBABAC,10
CCBBABBA,8
CCBBABBB,11
CCBBABBC,9
CCBBABCA,10
CCBBABCB,9
CCBBABCC,11
CCBBACAA,9
CCBBACAB,10
CCBBACAC,8
CCBBACBA,10
CCBBACBB,9
CCBBACBC,11
CCBBACCA,8
CCBBACCB,11
CCBBACCC,9
CCBBBAAA,11
CCBBBAAB,8
CCBBBAAC,10
CCBBBABA,8
CCBBBABB,11
CCBBBABC,9
CCBBBACA,10
CCBBBACB,9
CCBBBACC,11
CCBBBBAA,8
CCBBBBAB,11
CCBBBBAC,9
CCBBBBBA,11
CCBBBBBB,8
CCBBBBBC,10
CCBBBBCA,9
CCBBBBCB,10
CCBBBBCC,8
CCBBBCAA,10
CCBBBCAB,9
CCBBBCAC,11
CCBBBCBA,9
CCBBBCBB,10
CCBBBCBC,8
CCBBBCCA,11
CCBBBCCB,8
CCBBBCCC,10
CCBBCAAA,9
CCBBCAAB,10
CCBBCAAC,8
CCBBCABA,10
CCBBCABB,9
CCBBCABC,11
CCBBCACA,8
CCBBCACB,11
CCBBCACC,9
CCBBCBAA,10
CCBBCBAB,9
CCBBCBAC,11
CCBBCBBA,9
CCBBCBBB,10
CCBBCBBC,8
CCBBCBCA,11
CCBBCBCB,8
CCBBCBCC,10
CCBBCCAA,8
CCBBCCAB,11
CCBBCCAC,9
CCBBCCBA,11
CCBBCCBB,8
CCBBCCBC,10
CCBBCCCA,9
CCBBCCCB,10
CCBBCCCC,8
CCBCAAAA,2
CCBCAAAB,5
CCBCAAAC,3
CCBCAABA,1
CCBCAABB,10
CCBCAABC,0
CCBCAACA,3
CCBCAACB,4
CCBCAACC,2
CCBCABAA,1
CCBCABAB,6
CCBCABAC,0
CCBCABBA,10
CCBCABBB,9
CCBCABBC,11
CCBCABCA,0
CCBCABCB,7
CCBCABCC,1
CCBCACAA,3
CCBCACAB,4
CCBCACAC,2
CCBCACBA,0
CCBCACBB,11
CCBCACBC,1
CCBCACCA,2
CCBCACCB,5
CCBCACCC,3
CCBCBAAA,1
CCBCBAAB,6
CCBCBAAC,0
CCBCBABA,2
CCBCBABB,9
CCBCBABC,3
CCBCBACA,0
CCBCBACB,7
CCBCBACC,1
CCBCBBAA,10
CCBCBBAB,9
CCBCBBAC,11
CCBCBBBA,9
CCBCBBBB,10
CCBCBBBC,8
CCBCBBCA,11
CCBCBBCB,8
CCBCBBCC,10
CCBCBCAA,0
CCBCBCAB,7
CCBCBCAC,1
CCBCBCBA,3
CCBCBCBB,8
CCBCBCBC,2
CCBCBCCA,1
CCBCBCCB,6
CCBCBCCC,0
CCBCCAAA,3
CCBCCAAB,4
CCBCCAAC,2
CCBCCABA,0
CCBCCABB,11
CCBCCABC,1
CCBCCACA,2
CCBCCACB,5
CCBCCACC,3
CCBCCBAA,0
CCBCCBAB,7
CCBCCBAC,1
CCBCCBBA,11
CCBCCBBB,8
CCBCCBBC,10
CCBCCBCA,1
CCBCCBCB,6
CCBCCBCC,0
CCBCCCAA,2
CCBCCCAB,5
CCBCCCAC,3
CCBCCCBA,1
CCBCCCBB,10
CCBCCCBC,0
CCBCCCCA,3
CCBCCCCB,4
CCBCCCCC,2
CCCAAAAA,1
CCCAAAAB,6
CCCAAAAC,0
CCCAAABA,2
CCCAAABB,9
CCCAAABC,3
CCCAAACA,0
CCCAAACB,7
CCCAAACC,1
CCCAABAA,2
CCCAABAB,5
CCCAABAC,3
CCCAABBA,9
CCCAABBB,10
CCCAABBC,8
CCCAABCA,3
CCCAABCB,4
CCCAABCC,2
CCCAACAA,0
CCCAACAB,7
CCCAACAC,1
CCCAACBA,3
CCCAACBB,8
CCCAACBC,2
CCCAACCA,1
CCCAACCB,6
CCCAACCC,0
CCCABAAA,2
CCCABAAB,5
CCCABAAC,3
CCCABABA,1
CCCABABB,10
CCCABABC,0
CCCABACA,3
CCCABACB,4
CCCABACC,2
CCCABBAA,9
CCCABBAB,10
CCCABBAC,8
CCCABBBA,10
CCCABBBB,9
CCCABBBC,11
CCCABBCA,8
CCCABBCB,11
CCCABBCC,9
CCCABCAA,3
CCCABCAB,4
CCCABCAC,2
CCCABCBA,0
CCCABCBB,11
CCCABCBC,1
CCCABCCA,2
CCCABCCB,5
CCCABCCC,3
CCCACAAA,0
CCCACAAB,7
CCCACAAC,1
CCCACABA,3
CCCACABB,8
CCCACABC,2
CCCACACA,1
CCCACACB,6
CCCACACC,0
CCCACBAA,3
CCCACBAB,4
CCCACBAC,2
CCCACBBA,8
CCCACBBB,11
CCCACBBC,9
CCCACBCA,2
CCCACBCB,5
CCCACBCC,3
CCCACCAA,1
CCCACCAB,6
CCCACCAC,0
CCCACCBA,2
CCCACCBB,9
CCCACCBC,3
CCCACCCA,0
CCCACCCB,7
CCCACCCC,1
CCCBAAAA,2
CCCBAAAB,5
CCCBAAAC,3
CCCBAABA,1
CCCBAABB,10
CCCBAABC,0
CCCBAACA,3
CCCBAACB,4
CCCBAACC,2
CCCBABAA,1
CCCBABAB,6
CCCBABAC,0
CCCBABBA,10
CCCBABBB,9
CCCBABBC,11
CCCBABCA,0
CCCBABCB,7
CCCBABCC,1
CCCBACAA,3
CCCBACAB,4
CCCBACAC,2
CCCBACBA,0
CCCBACBB,11
CCCBACBC,1
CCCBACCA,2
CCCBACCB,5
CCCBACCC,3
CCCBBAAA,9
CCCBBAAB,10
CCCBBAAC,8
CCCBBABA,10
CCCBBABB,9
CCCBBABC,11
CCCBBACA,8
CCCBBACB,11
CCCBBACC,9
CCCBBBAA,10
CCCBBBAB,9
CCCBBBAC,11
CCCBBBBA,9
CCCBBBBB,10
CCCBBBBC,8
CCCBBBCA,11
CCCBBBCB,8
CCCBBBCC,10
CCCBBCAA,8
CCCBBCAB,11
CCCBBCAC,9
CCCBBCBA,11
CCCBBCBB,8
CCCBBCBC,10
CCCBBCCA,9
CCCBBCCB,10
CCCBBCCC,8
CCCBCAAA,3
CCCBCAAB,4
CCCBCAAC,2
CCCBCABA,0
CCCBCABB,11
CCCBCABC,1
CCCBCACA,2
CCCBCACB,5
CCCBCACC,3
CCCBCBAA,0
CCCBCBAB,7
CCCBCBAC,1
CCCBCBBA,11
CCCBCBBB,8
CCCBCBBC,10
CCCBCBCA,1
CCCBCBCB,6
CCCBCBCC,0
CCCBCCAA,2
CCCBCCAB,5
CCCBCCAC,3
CCCBCCBA,1
CCCBCCBB,10
CCCBCCBC,0
CCCBCCCA,3
CCCBCCCB,4
CCCBCCCC,2
CCCCAAAA,0
CCCCAAAB,7
CCCCAAAC,1
CCCCAABA,3
CCCCAABB,8
CCCCAABC,2
CCCCAACA,1
CCCCAACB,6
CCCCAACC,0
CCCCABAA,3
CCCCABAB,4
CCCCABAC,2
CCCCABBA,8
CCCCABBB,11
CCCCABBC,9
CCCCABCA,2
CCCCABCB,5
CCCCABCC,3
CCCCACAA,1
CCCCACAB,6
CCCCACAC,0
CCCCACBA,2
CCCCACBB,9
CCCCACBC,3
CCCCACCA,0
CCCCACCB,7
CCCCACCC,1
CCCCBAAA,3
CCCCBAAB,4
CCCCBAAC,2
CCCCBABA,0
CCCCBABB,11
CCCCBABC,1
CCCCBACA,2
CCCCBACB,5
CCCCBACC,3
CCCCBBAA,8
CCCCBBAB,11
CCCCBBAC,9
CCCCBBBA,11
CCCCBBBB,8
CCCCBBBC,10
CCCCBBCA,9
CCCCBBCB,10
CCCCBBCC,8
CCCCBCAA,2
CCCCBCAB,5
CCCCBCAC,3
CCCCBCBA,1
CCCCBCBB,10
CCCCBCBC,0
CCCCBCCA,3
CCCCBCCB,4
CCCCBCCC,2
CCCCCAAA,1
CCCCCAAB,6
CCCCCAAC,0
CCCCCABA,2
CCCCCABB,9
CCCCCABC,3
CCCCCACA,0
CCCCCACB,7
CCCCCACC,1
CCCCCBAA,2
CCCCCBAB,5
CCCCCBAC,3
CCCCCBBA,9
CCCCCBBB,10
CCCCCBBC,8
CCCCCBCA,3
CCCCCBCB,4
CCCCCBCC,2
CCCCCCAA,0
CCCCCCAB,7
CCCCCCAC,1
CCCCCCBA,3
CCCCCCBB,8
CCCCCCBC,2
CCCCCCCA,1
CCCCCCCB,6
CCCCCCCC,0
